virtual_perturbation_component	component_status	TF	testable	reason	OE_value	KO_OE_cosine	dominant_module	dominant_module_KO_shift	dominant_module_OE_shift	donors_opposite_KO_OE	donors_tested	real_KO_module_vector_norm	randomized_GRN_KO_module_vector_norm	real_exceeds_randomized_GRN	CellOracle_reciprocal_support	RFX_shared_nonindependent	condition	module	donor	mean_module_shift	cells	target_TF	control_TF	match_rank	target_mean_expression	control_mean_expression	target_detection_fraction	control_detection_fraction	status	significant_BH
CellOracle_candidate_summary	canonical_rows_present	NKX2-2	True		0.5544991323751621	-0.9117611937273868	synaptic_membrane_structural_candidates	-0.0325002434427996	0.0900551298555405	8.0	8.0	0.0486870713628572	0.0103138747497225	True	True	False														
CellOracle_candidate_summary	canonical_rows_present	RFX5	True		0.0604549429333488	-0.9849375027245328	synaptic_membrane_structural_candidates	0.0009838506367088	-0.0028058448370201	8.0	8.0	0.0014782101937975	0.0002288339058992	True	True	True														
CellOracle_candidate_summary	canonical_rows_present	RFXANK	True		0.0841868564330581	-0.9725326530426068	astrocyte_maturation_metabolic_support	-0.0015603119667943	0.0077041294992678	8.0	8.0	0.0023788726986666	0.0006089888179417	True	True	True														
CellOracle_donor_module_effects	canonical_rows_present	NKX2-2															KO	activity_dependent_plasticity	BRC2256	0.0358337334420759	879.0									
CellOracle_donor_module_effects	canonical_rows_present	NKX2-2															KO	activity_dependent_plasticity	BRC2329	-2.4223451841764902e-05	600.0									
CellOracle_donor_module_effects	canonical_rows_present	NKX2-2															KO	activity_dependent_plasticity	BRC2330	-0.0003534563145909	600.0									
CellOracle_donor_module_effects	canonical_rows_present	NKX2-2															KO	activity_dependent_plasticity	HDBR15777	0.0415418356552296	900.0									
CellOracle_donor_module_effects	canonical_rows_present	NKX2-2															KO	activity_dependent_plasticity	HDBR15853	0.0391281542361875	900.0									
CellOracle_donor_module_effects	canonical_rows_present	NKX2-2															KO	activity_dependent_plasticity	XDD395	0.0013519031513687	708.0									
CellOracle_donor_module_effects	canonical_rows_present	NKX2-2															KO	activity_dependent_plasticity	XDD424	0.0059873274927056	900.0									
CellOracle_donor_module_effects	canonical_rows_present	NKX2-2															KO	activity_dependent_plasticity	XDD431	0.0202478304422076	900.0									
CellOracle_donor_module_effects	canonical_rows_present	NKX2-2															OE	activity_dependent_plasticity	BRC2256	-0.0067069767784078	879.0									
CellOracle_donor_module_effects	canonical_rows_present	NKX2-2															OE	activity_dependent_plasticity	BRC2329	0.0110985983166169	600.0									
CellOracle_donor_module_effects	canonical_rows_present	NKX2-2															OE	activity_dependent_plasticity	BRC2330	0.009921205979697	600.0									
CellOracle_donor_module_effects	canonical_rows_present	NKX2-2															OE	activity_dependent_plasticity	HDBR15777	-0.0054607251685759	900.0									
CellOracle_donor_module_effects	canonical_rows_present	NKX2-2															OE	activity_dependent_plasticity	HDBR15853	-0.0113976226449229	900.0									
CellOracle_donor_module_effects	canonical_rows_present	NKX2-2															OE	activity_dependent_plasticity	XDD395	-0.0083280059642119	708.0									
CellOracle_donor_module_effects	canonical_rows_present	NKX2-2															OE	activity_dependent_plasticity	XDD424	-0.0730231383845857	900.0									
CellOracle_donor_module_effects	canonical_rows_present	NKX2-2															OE	activity_dependent_plasticity	XDD431	-0.0432581442587058	900.0									
CellOracle_donor_module_effects	canonical_rows_present	NKX2-2															KO_RANDOMIZED_GRN	activity_dependent_plasticity	BRC2256	0.0039535757281215	879.0									
CellOracle_donor_module_effects	canonical_rows_present	NKX2-2															KO_RANDOMIZED_GRN	activity_dependent_plasticity	BRC2329	-8.724041560158544e-05	600.0									
CellOracle_donor_module_effects	canonical_rows_present	NKX2-2															KO_RANDOMIZED_GRN	activity_dependent_plasticity	BRC2330	-0.0009859657701161	600.0									
CellOracle_donor_module_effects	canonical_rows_present	NKX2-2															KO_RANDOMIZED_GRN	activity_dependent_plasticity	HDBR15777	0.0045740014729565	900.0									
CellOracle_donor_module_effects	canonical_rows_present	NKX2-2															KO_RANDOMIZED_GRN	activity_dependent_plasticity	HDBR15853	0.0038452351853395	900.0									
CellOracle_donor_module_effects	canonical_rows_present	NKX2-2															KO_RANDOMIZED_GRN	activity_dependent_plasticity	XDD395	-0.0004053048412727	708.0									
CellOracle_donor_module_effects	canonical_rows_present	NKX2-2															KO_RANDOMIZED_GRN	activity_dependent_plasticity	XDD424	0.0002701812194892	900.0									
CellOracle_donor_module_effects	canonical_rows_present	NKX2-2															KO_RANDOMIZED_GRN	activity_dependent_plasticity	XDD431	0.0017813780959559	900.0									
CellOracle_donor_module_effects	canonical_rows_present	NKX2-2															KO	astrocyte_maturation_metabolic_support	BRC2256	0.011787768704764	879.0									
CellOracle_donor_module_effects	canonical_rows_present	NKX2-2															KO	astrocyte_maturation_metabolic_support	BRC2329	7.208373481391187e-05	600.0									
CellOracle_donor_module_effects	canonical_rows_present	NKX2-2															KO	astrocyte_maturation_metabolic_support	BRC2330	0.0014483578823727	600.0									
CellOracle_donor_module_effects	canonical_rows_present	NKX2-2															KO	astrocyte_maturation_metabolic_support	HDBR15777	0.0135404752363779	900.0									
CellOracle_donor_module_effects	canonical_rows_present	NKX2-2															KO	astrocyte_maturation_metabolic_support	HDBR15853	0.0130143787216605	900.0									
CellOracle_donor_module_effects	canonical_rows_present	NKX2-2															KO	astrocyte_maturation_metabolic_support	XDD395	0.001707736771676	708.0									
CellOracle_donor_module_effects	canonical_rows_present	NKX2-2															KO	astrocyte_maturation_metabolic_support	XDD424	0.0019052484127105	900.0									
CellOracle_donor_module_effects	canonical_rows_present	NKX2-2															KO	astrocyte_maturation_metabolic_support	XDD431	0.0068372611122884	900.0									
CellOracle_donor_module_effects	canonical_rows_present	NKX2-2															OE	astrocyte_maturation_metabolic_support	BRC2256	-0.0111119263741935	879.0									
CellOracle_donor_module_effects	canonical_rows_present	NKX2-2															OE	astrocyte_maturation_metabolic_support	BRC2329	-0.0320246070431404	600.0									
CellOracle_donor_module_effects	canonical_rows_present	NKX2-2															OE	astrocyte_maturation_metabolic_support	BRC2330	-0.0104133687275484	600.0									
CellOracle_donor_module_effects	canonical_rows_present	NKX2-2															OE	astrocyte_maturation_metabolic_support	HDBR15777	-0.0312674377880919	900.0									
CellOracle_donor_module_effects	canonical_rows_present	NKX2-2															OE	astrocyte_maturation_metabolic_support	HDBR15853	-0.0286080323346859	900.0									
CellOracle_donor_module_effects	canonical_rows_present	NKX2-2															OE	astrocyte_maturation_metabolic_support	XDD395	-0.0080274707041511	708.0									
CellOracle_donor_module_effects	canonical_rows_present	NKX2-2															OE	astrocyte_maturation_metabolic_support	XDD424	-0.0400048524014875	900.0									
CellOracle_donor_module_effects	canonical_rows_present	NKX2-2															OE	astrocyte_maturation_metabolic_support	XDD431	-0.0288889289278818	900.0									
CellOracle_donor_module_effects	canonical_rows_present	NKX2-2															KO_RANDOMIZED_GRN	astrocyte_maturation_metabolic_support	BRC2256	0.0073557703613948	879.0									
CellOracle_donor_module_effects	canonical_rows_present	NKX2-2															KO_RANDOMIZED_GRN	astrocyte_maturation_metabolic_support	BRC2329	1.7464158049297294e-05	600.0									
CellOracle_donor_module_effects	canonical_rows_present	NKX2-2															KO_RANDOMIZED_GRN	astrocyte_maturation_metabolic_support	BRC2330	0.0001071726276619	600.0									
CellOracle_donor_module_effects	canonical_rows_present	NKX2-2															KO_RANDOMIZED_GRN	astrocyte_maturation_metabolic_support	HDBR15777	0.00850466640512	900.0									
CellOracle_donor_module_effects	canonical_rows_present	NKX2-2															KO_RANDOMIZED_GRN	astrocyte_maturation_metabolic_support	HDBR15853	0.0079602329420731	900.0									
CellOracle_donor_module_effects	canonical_rows_present	NKX2-2															KO_RANDOMIZED_GRN	astrocyte_maturation_metabolic_support	XDD395	0.000312432581353	708.0									
CellOracle_donor_module_effects	canonical_rows_present	NKX2-2															KO_RANDOMIZED_GRN	astrocyte_maturation_metabolic_support	XDD424	0.0012524618113881	900.0									
CellOracle_donor_module_effects	canonical_rows_present	NKX2-2															KO_RANDOMIZED_GRN	astrocyte_maturation_metabolic_support	XDD431	0.0042001375016919	900.0									
CellOracle_donor_module_effects	canonical_rows_present	NKX2-2															KO	axon_guidance_neurite_outgrowth	BRC2256	-0.0004089505268201	879.0									
CellOracle_donor_module_effects	canonical_rows_present	NKX2-2															KO	axon_guidance_neurite_outgrowth	BRC2329	8.115598585090783e-05	600.0									
CellOracle_donor_module_effects	canonical_rows_present	NKX2-2															KO	axon_guidance_neurite_outgrowth	BRC2330	0.0010574049303375	600.0									
CellOracle_donor_module_effects	canonical_rows_present	NKX2-2															KO	axon_guidance_neurite_outgrowth	HDBR15777	-0.0005016728086026	900.0									
CellOracle_donor_module_effects	canonical_rows_present	NKX2-2															KO	axon_guidance_neurite_outgrowth	HDBR15853	-0.000630992342486	900.0									
CellOracle_donor_module_effects	canonical_rows_present	NKX2-2															KO	axon_guidance_neurite_outgrowth	XDD395	0.0007387008787931	708.0									
CellOracle_donor_module_effects	canonical_rows_present	NKX2-2															KO	axon_guidance_neurite_outgrowth	XDD424	2.750054500948266e-05	900.0									
CellOracle_donor_module_effects	canonical_rows_present	NKX2-2															KO	axon_guidance_neurite_outgrowth	XDD431	-9.754865311759052e-05	900.0									
CellOracle_donor_module_effects	canonical_rows_present	NKX2-2															OE	axon_guidance_neurite_outgrowth	BRC2256	0.001014322410908	879.0									
CellOracle_donor_module_effects	canonical_rows_present	NKX2-2															OE	axon_guidance_neurite_outgrowth	BRC2329	-0.0158926662038157	600.0									
CellOracle_donor_module_effects	canonical_rows_present	NKX2-2															OE	axon_guidance_neurite_outgrowth	BRC2330	-0.0209524466000689	600.0									
CellOracle_donor_module_effects	canonical_rows_present	NKX2-2															OE	axon_guidance_neurite_outgrowth	HDBR15777	0.0030574409296334	900.0									
CellOracle_donor_module_effects	canonical_rows_present	NKX2-2															OE	axon_guidance_neurite_outgrowth	HDBR15853	0.0037385788508198	900.0									
CellOracle_donor_module_effects	canonical_rows_present	NKX2-2															OE	axon_guidance_neurite_outgrowth	XDD395	-0.0113543151369234	708.0									
CellOracle_donor_module_effects	canonical_rows_present	NKX2-2															OE	axon_guidance_neurite_outgrowth	XDD424	-0.0038751743522794	900.0									
CellOracle_donor_module_effects	canonical_rows_present	NKX2-2															OE	axon_guidance_neurite_outgrowth	XDD431	-0.0023178967099206	900.0									
CellOracle_donor_module_effects	canonical_rows_present	NKX2-2															KO_RANDOMIZED_GRN	axon_guidance_neurite_outgrowth	BRC2256	0.0070189345408799	879.0									
CellOracle_donor_module_effects	canonical_rows_present	NKX2-2															KO_RANDOMIZED_GRN	axon_guidance_neurite_outgrowth	BRC2329	2.591493947275888e-05	600.0									
CellOracle_donor_module_effects	canonical_rows_present	NKX2-2															KO_RANDOMIZED_GRN	axon_guidance_neurite_outgrowth	BRC2330	0.0001979931109182	600.0									
CellOracle_donor_module_effects	canonical_rows_present	NKX2-2															KO_RANDOMIZED_GRN	axon_guidance_neurite_outgrowth	HDBR15777	0.0084736877185596	900.0									
CellOracle_donor_module_effects	canonical_rows_present	NKX2-2															KO_RANDOMIZED_GRN	axon_guidance_neurite_outgrowth	HDBR15853	0.0082457488342293	900.0									
CellOracle_donor_module_effects	canonical_rows_present	NKX2-2															KO_RANDOMIZED_GRN	axon_guidance_neurite_outgrowth	XDD395	0.0003632648012987	708.0									
CellOracle_donor_module_effects	canonical_rows_present	NKX2-2															KO_RANDOMIZED_GRN	axon_guidance_neurite_outgrowth	XDD424	0.0012850998337781	900.0									
CellOracle_donor_module_effects	canonical_rows_present	NKX2-2															KO_RANDOMIZED_GRN	axon_guidance_neurite_outgrowth	XDD431	0.004093982284757	900.0									
CellOracle_donor_module_effects	canonical_rows_present	NKX2-2															KO	neurogenesis_migration_layering	BRC2256	-0.0070909705905107	879.0									
CellOracle_donor_module_effects	canonical_rows_present	NKX2-2															KO	neurogenesis_migration_layering	BRC2329	5.578806833383002e-05	600.0									
CellOracle_donor_module_effects	canonical_rows_present	NKX2-2															KO	neurogenesis_migration_layering	BRC2330	0.0006259723898475	600.0									
CellOracle_donor_module_effects	canonical_rows_present	NKX2-2															KO	neurogenesis_migration_layering	HDBR15777	-0.0081459037688442	900.0									
CellOracle_donor_module_effects	canonical_rows_present	NKX2-2															KO	neurogenesis_migration_layering	HDBR15853	-0.0078247756583652	900.0									
CellOracle_donor_module_effects	canonical_rows_present	NKX2-2															KO	neurogenesis_migration_layering	XDD395	8.089977841165898e-05	708.0									
CellOracle_donor_module_effects	canonical_rows_present	NKX2-2															KO	neurogenesis_migration_layering	XDD424	-0.0010951841460074	900.0									
CellOracle_donor_module_effects	canonical_rows_present	NKX2-2															KO	neurogenesis_migration_layering	XDD431	-0.0039059020578464	900.0									
CellOracle_donor_module_effects	canonical_rows_present	NKX2-2															OE	neurogenesis_migration_layering	BRC2256	0.0071890195313208	879.0									
CellOracle_donor_module_effects	canonical_rows_present	NKX2-2															OE	neurogenesis_migration_layering	BRC2329	-0.0107599708244818	600.0									
CellOracle_donor_module_effects	canonical_rows_present	NKX2-2															OE	neurogenesis_migration_layering	BRC2330	-0.0059467308788271	600.0									
CellOracle_donor_module_effects	canonical_rows_present	NKX2-2															OE	neurogenesis_migration_layering	HDBR15777	0.0068480054962669	900.0									
CellOracle_donor_module_effects	canonical_rows_present	NKX2-2															OE	neurogenesis_migration_layering	HDBR15853	0.0052777592081009	900.0									
CellOracle_donor_module_effects	canonical_rows_present	NKX2-2															OE	neurogenesis_migration_layering	XDD395	0.006915873062457	708.0									
CellOracle_donor_module_effects	canonical_rows_present	NKX2-2															OE	neurogenesis_migration_layering	XDD424	0.0150878748498062	900.0									
CellOracle_donor_module_effects	canonical_rows_present	NKX2-2															OE	neurogenesis_migration_layering	XDD431	0.0115697133238915	900.0									
CellOracle_donor_module_effects	canonical_rows_present	NKX2-2															KO_RANDOMIZED_GRN	neurogenesis_migration_layering	BRC2256	-0.0007766328456411	879.0									
CellOracle_donor_module_effects	canonical_rows_present	NKX2-2															KO_RANDOMIZED_GRN	neurogenesis_migration_layering	BRC2329	3.1610395364955466e-05	600.0									
CellOracle_donor_module_effects	canonical_rows_present	NKX2-2															KO_RANDOMIZED_GRN	neurogenesis_migration_layering	BRC2330	0.0003748350878357	600.0									
CellOracle_donor_module_effects	canonical_rows_present	NKX2-2															KO_RANDOMIZED_GRN	neurogenesis_migration_layering	HDBR15777	-0.0006672563954912	900.0									
CellOracle_donor_module_effects	canonical_rows_present	NKX2-2															KO_RANDOMIZED_GRN	neurogenesis_migration_layering	HDBR15853	-0.0006426375080244	900.0									
CellOracle_donor_module_effects	canonical_rows_present	NKX2-2															KO_RANDOMIZED_GRN	neurogenesis_migration_layering	XDD395	0.0001080917701283	708.0									
CellOracle_donor_module_effects	canonical_rows_present	NKX2-2															KO_RANDOMIZED_GRN	neurogenesis_migration_layering	XDD424	-8.143567624437729e-05	900.0									
CellOracle_donor_module_effects	canonical_rows_present	NKX2-2															KO_RANDOMIZED_GRN	neurogenesis_migration_layering	XDD431	-0.0002881599751193	900.0									
CellOracle_donor_module_effects	canonical_rows_present	NKX2-2															KO	oligodendrocyte_myelination	BRC2256	-0.0362545872348455	879.0									
CellOracle_donor_module_effects	canonical_rows_present	NKX2-2															KO	oligodendrocyte_myelination	BRC2329	-0.0001995945725416	600.0									
CellOracle_donor_module_effects	canonical_rows_present	NKX2-2															KO	oligodendrocyte_myelination	BRC2330	-0.002170234978698	600.0									
CellOracle_donor_module_effects	canonical_rows_present	NKX2-2															KO	oligodendrocyte_myelination	HDBR15777	-0.041948728123041	900.0									
CellOracle_donor_module_effects	canonical_rows_present	NKX2-2															KO	oligodendrocyte_myelination	HDBR15853	-0.0365555186349442	900.0									
CellOracle_donor_module_effects	canonical_rows_present	NKX2-2															KO	oligodendrocyte_myelination	XDD395	-0.0022658134296054	708.0									
CellOracle_donor_module_effects	canonical_rows_present	NKX2-2															KO	oligodendrocyte_myelination	XDD424	-0.0066134955700207	900.0									
CellOracle_donor_module_effects	canonical_rows_present	NKX2-2															KO	oligodendrocyte_myelination	XDD431	-0.0205282797720019	900.0									
CellOracle_donor_module_effects	canonical_rows_present	NKX2-2															OE	oligodendrocyte_myelination	BRC2256	0.0891168879935748	879.0									
CellOracle_donor_module_effects	canonical_rows_present	NKX2-2															OE	oligodendrocyte_myelination	BRC2329	0.0569083269122017	600.0									
CellOracle_donor_module_effects	canonical_rows_present	NKX2-2															OE	oligodendrocyte_myelination	BRC2330	0.0548400521549402	600.0									
CellOracle_donor_module_effects	canonical_rows_present	NKX2-2															OE	oligodendrocyte_myelination	HDBR15777	0.0890943449595362	900.0									
CellOracle_donor_module_effects	canonical_rows_present	NKX2-2															OE	oligodendrocyte_myelination	HDBR15853	0.1055617995456821	900.0									
CellOracle_donor_module_effects	canonical_rows_present	NKX2-2															OE	oligodendrocyte_myelination	XDD395	0.1021232029871209	708.0									
CellOracle_donor_module_effects	canonical_rows_present	NKX2-2															OE	oligodendrocyte_myelination	XDD424	0.1431841296085354	900.0									
CellOracle_donor_module_effects	canonical_rows_present	NKX2-2															OE	oligodendrocyte_myelination	XDD431	0.1218496077376433	900.0									
CellOracle_donor_module_effects	canonical_rows_present	NKX2-2															KO_RANDOMIZED_GRN	oligodendrocyte_myelination	BRC2256	-0.0092155939831785	879.0									
CellOracle_donor_module_effects	canonical_rows_present	NKX2-2															KO_RANDOMIZED_GRN	oligodendrocyte_myelination	BRC2329	-0.0001264484943328	600.0									
CellOracle_donor_module_effects	canonical_rows_present	NKX2-2															KO_RANDOMIZED_GRN	oligodendrocyte_myelination	BRC2330	-0.0014602346589573	600.0									
CellOracle_donor_module_effects	canonical_rows_present	NKX2-2															KO_RANDOMIZED_GRN	oligodendrocyte_myelination	HDBR15777	-0.0118687704972367	900.0									
CellOracle_donor_module_effects	canonical_rows_present	NKX2-2															KO_RANDOMIZED_GRN	oligodendrocyte_myelination	HDBR15853	-0.0106761917825362	900.0									
CellOracle_donor_module_effects	canonical_rows_present	NKX2-2															KO_RANDOMIZED_GRN	oligodendrocyte_myelination	XDD395	-0.0013038042567319	708.0									
CellOracle_donor_module_effects	canonical_rows_present	NKX2-2															KO_RANDOMIZED_GRN	oligodendrocyte_myelination	XDD424	-0.001819888588589	900.0									
CellOracle_donor_module_effects	canonical_rows_present	NKX2-2															KO_RANDOMIZED_GRN	oligodendrocyte_myelination	XDD431	-0.0058483253805386	900.0									
CellOracle_donor_module_effects	canonical_rows_present	NKX2-2															KO	patterning_arealization	BRC2256	0.0188370083679625	879.0									
CellOracle_donor_module_effects	canonical_rows_present	NKX2-2															KO	patterning_arealization	BRC2329	5.8615155214443736e-05	600.0									
CellOracle_donor_module_effects	canonical_rows_present	NKX2-2															KO	patterning_arealization	BRC2330	0.0005190948497667	600.0									
CellOracle_donor_module_effects	canonical_rows_present	NKX2-2															KO	patterning_arealization	HDBR15777	0.0219780375320481	900.0									
CellOracle_donor_module_effects	canonical_rows_present	NKX2-2															KO	patterning_arealization	HDBR15853	0.0205669152577686	900.0									
CellOracle_donor_module_effects	canonical_rows_present	NKX2-2															KO	patterning_arealization	XDD395	0.0011112514923906	708.0									
CellOracle_donor_module_effects	canonical_rows_present	NKX2-2															KO	patterning_arealization	XDD424	0.0032945111429524	900.0									
CellOracle_donor_module_effects	canonical_rows_present	NKX2-2															KO	patterning_arealization	XDD431	0.0107983604142526	900.0									
CellOracle_donor_module_effects	canonical_rows_present	NKX2-2															OE	patterning_arealization	BRC2256	-0.0035547362120985	879.0									
CellOracle_donor_module_effects	canonical_rows_present	NKX2-2															OE	patterning_arealization	BRC2329	-0.0103353346341256	600.0									
CellOracle_donor_module_effects	canonical_rows_present	NKX2-2															OE	patterning_arealization	BRC2330	-0.0026596593272429	600.0									
CellOracle_donor_module_effects	canonical_rows_present	NKX2-2															OE	patterning_arealization	HDBR15777	-0.005803683594711	900.0									
CellOracle_donor_module_effects	canonical_rows_present	NKX2-2															OE	patterning_arealization	HDBR15853	-0.0081359774925884	900.0									
CellOracle_donor_module_effects	canonical_rows_present	NKX2-2															OE	patterning_arealization	XDD395	-0.0129752756077741	708.0									
CellOracle_donor_module_effects	canonical_rows_present	NKX2-2															OE	patterning_arealization	XDD424	-0.029150889988248	900.0									
CellOracle_donor_module_effects	canonical_rows_present	NKX2-2															OE	patterning_arealization	XDD431	-0.0203021816828176	900.0									
CellOracle_donor_module_effects	canonical_rows_present	NKX2-2															KO_RANDOMIZED_GRN	patterning_arealization	BRC2256	0.0093395372639807	879.0									
CellOracle_donor_module_effects	canonical_rows_present	NKX2-2															KO_RANDOMIZED_GRN	patterning_arealization	BRC2329	-4.048700845941343e-06	600.0									
CellOracle_donor_module_effects	canonical_rows_present	NKX2-2															KO_RANDOMIZED_GRN	patterning_arealization	BRC2330	-9.10828285024184e-05	600.0									
CellOracle_donor_module_effects	canonical_rows_present	NKX2-2															KO_RANDOMIZED_GRN	patterning_arealization	HDBR15777	0.0108013153818524	900.0									
CellOracle_donor_module_effects	canonical_rows_present	NKX2-2															KO_RANDOMIZED_GRN	patterning_arealization	HDBR15853	0.0100038903696626	900.0									
CellOracle_donor_module_effects	canonical_rows_present	NKX2-2															KO_RANDOMIZED_GRN	patterning_arealization	XDD395	-3.162968690036923e-05	708.0									
CellOracle_donor_module_effects	canonical_rows_present	NKX2-2															KO_RANDOMIZED_GRN	patterning_arealization	XDD424	0.0015648606764525	900.0									
CellOracle_donor_module_effects	canonical_rows_present	NKX2-2															KO_RANDOMIZED_GRN	patterning_arealization	XDD431	0.0052990835520673	900.0									
CellOracle_donor_module_effects	canonical_rows_present	NKX2-2															KO	progenitor_radial_glia	BRC2256	0.0139885366265346	879.0									
CellOracle_donor_module_effects	canonical_rows_present	NKX2-2															KO	progenitor_radial_glia	BRC2329	0.0001064504657842	600.0									
CellOracle_donor_module_effects	canonical_rows_present	NKX2-2															KO	progenitor_radial_glia	BRC2330	0.0011483927434999	600.0									
CellOracle_donor_module_effects	canonical_rows_present	NKX2-2															KO	progenitor_radial_glia	HDBR15777	0.0164883002536885	900.0									
CellOracle_donor_module_effects	canonical_rows_present	NKX2-2															KO	progenitor_radial_glia	HDBR15853	0.0152582866245885	900.0									
CellOracle_donor_module_effects	canonical_rows_present	NKX2-2															KO	progenitor_radial_glia	XDD395	0.001336345962116	708.0									
CellOracle_donor_module_effects	canonical_rows_present	NKX2-2															KO	progenitor_radial_glia	XDD424	0.0025389867650814	900.0									
CellOracle_donor_module_effects	canonical_rows_present	NKX2-2															KO	progenitor_radial_glia	XDD431	0.0081970248490573	900.0									
CellOracle_donor_module_effects	canonical_rows_present	NKX2-2															OE	progenitor_radial_glia	BRC2256	-0.0205931863334208	879.0									
CellOracle_donor_module_effects	canonical_rows_present	NKX2-2															OE	progenitor_radial_glia	BRC2329	-0.0268927092289225	600.0									
CellOracle_donor_module_effects	canonical_rows_present	NKX2-2															OE	progenitor_radial_glia	BRC2330	-0.0227028769382973	600.0									
CellOracle_donor_module_effects	canonical_rows_present	NKX2-2															OE	progenitor_radial_glia	HDBR15777	-0.0230327025779014	900.0									
CellOracle_donor_module_effects	canonical_rows_present	NKX2-2															OE	progenitor_radial_glia	HDBR15853	-0.022478889717412	900.0									
CellOracle_donor_module_effects	canonical_rows_present	NKX2-2															OE	progenitor_radial_glia	XDD395	-0.0259332748239949	708.0									
CellOracle_donor_module_effects	canonical_rows_present	NKX2-2															OE	progenitor_radial_glia	XDD424	-0.0429238543598103	900.0									
CellOracle_donor_module_effects	canonical_rows_present	NKX2-2															OE	progenitor_radial_glia	XDD431	-0.0346829699227837	900.0									
CellOracle_donor_module_effects	canonical_rows_present	NKX2-2															KO_RANDOMIZED_GRN	progenitor_radial_glia	BRC2256	0.003702423837849	879.0									
CellOracle_donor_module_effects	canonical_rows_present	NKX2-2															KO_RANDOMIZED_GRN	progenitor_radial_glia	BRC2329	3.95221440184156e-05	600.0									
CellOracle_donor_module_effects	canonical_rows_present	NKX2-2															KO_RANDOMIZED_GRN	progenitor_radial_glia	BRC2330	0.0005981017365512	600.0									
CellOracle_donor_module_effects	canonical_rows_present	NKX2-2															KO_RANDOMIZED_GRN	progenitor_radial_glia	HDBR15777	0.0041046937377887	900.0									
CellOracle_donor_module_effects	canonical_rows_present	NKX2-2															KO_RANDOMIZED_GRN	progenitor_radial_glia	HDBR15853	0.00414128654707	900.0									
CellOracle_donor_module_effects	canonical_rows_present	NKX2-2															KO_RANDOMIZED_GRN	progenitor_radial_glia	XDD395	0.0005738662641497	708.0									
CellOracle_donor_module_effects	canonical_rows_present	NKX2-2															KO_RANDOMIZED_GRN	progenitor_radial_glia	XDD424	0.0007027543572511	900.0									
CellOracle_donor_module_effects	canonical_rows_present	NKX2-2															KO_RANDOMIZED_GRN	progenitor_radial_glia	XDD431	0.0022197353637912	900.0									
CellOracle_donor_module_effects	canonical_rows_present	NKX2-2															KO	synaptic_assembly_receptor_trafficking	BRC2256	-0.0283401891974667	879.0									
CellOracle_donor_module_effects	canonical_rows_present	NKX2-2															KO	synaptic_assembly_receptor_trafficking	BRC2329	-3.342744962243784e-05	600.0									
CellOracle_donor_module_effects	canonical_rows_present	NKX2-2															KO	synaptic_assembly_receptor_trafficking	BRC2330	-0.0002822800462767	600.0									
CellOracle_donor_module_effects	canonical_rows_present	NKX2-2															KO	synaptic_assembly_receptor_trafficking	HDBR15777	-0.0323083880954763	900.0									
CellOracle_donor_module_effects	canonical_rows_present	NKX2-2															KO	synaptic_assembly_receptor_trafficking	HDBR15853	-0.0302618694529632	900.0									
CellOracle_donor_module_effects	canonical_rows_present	NKX2-2															KO	synaptic_assembly_receptor_trafficking	XDD395	-0.0012492660669297	708.0									
CellOracle_donor_module_effects	canonical_rows_present	NKX2-2															KO	synaptic_assembly_receptor_trafficking	XDD424	-0.0048963933198576	900.0									
CellOracle_donor_module_effects	canonical_rows_present	NKX2-2															KO	synaptic_assembly_receptor_trafficking	XDD431	-0.0159351727504084	900.0									
CellOracle_donor_module_effects	canonical_rows_present	NKX2-2															OE	synaptic_assembly_receptor_trafficking	BRC2256	0.0385107726492482	879.0									
CellOracle_donor_module_effects	canonical_rows_present	NKX2-2															OE	synaptic_assembly_receptor_trafficking	BRC2329	0.0071792829000545	600.0									
CellOracle_donor_module_effects	canonical_rows_present	NKX2-2															OE	synaptic_assembly_receptor_trafficking	BRC2330	0.0064561561884045	600.0									
CellOracle_donor_module_effects	canonical_rows_present	NKX2-2															OE	synaptic_assembly_receptor_trafficking	HDBR15777	0.0377522703781106	900.0									
CellOracle_donor_module_effects	canonical_rows_present	NKX2-2															OE	synaptic_assembly_receptor_trafficking	HDBR15853	0.0370032995506091	900.0									
CellOracle_donor_module_effects	canonical_rows_present	NKX2-2															OE	synaptic_assembly_receptor_trafficking	XDD395	0.0431866599985243	708.0									
CellOracle_donor_module_effects	canonical_rows_present	NKX2-2															OE	synaptic_assembly_receptor_trafficking	XDD424	0.0716348453912439	900.0									
CellOracle_donor_module_effects	canonical_rows_present	NKX2-2															OE	synaptic_assembly_receptor_trafficking	XDD431	0.0555331837175467	900.0									
CellOracle_donor_module_effects	canonical_rows_present	NKX2-2															KO_RANDOMIZED_GRN	synaptic_assembly_receptor_trafficking	BRC2256	0.0018940047479371	879.0									
CellOracle_donor_module_effects	canonical_rows_present	NKX2-2															KO_RANDOMIZED_GRN	synaptic_assembly_receptor_trafficking	BRC2329	-1.1937303141352125e-05	600.0									
CellOracle_donor_module_effects	canonical_rows_present	NKX2-2															KO_RANDOMIZED_GRN	synaptic_assembly_receptor_trafficking	BRC2330	-0.0001379012970892	600.0									
CellOracle_donor_module_effects	canonical_rows_present	NKX2-2															KO_RANDOMIZED_GRN	synaptic_assembly_receptor_trafficking	HDBR15777	0.0021380539284056	900.0									
CellOracle_donor_module_effects	canonical_rows_present	NKX2-2															KO_RANDOMIZED_GRN	synaptic_assembly_receptor_trafficking	HDBR15853	0.0021893367480222	900.0									
CellOracle_donor_module_effects	canonical_rows_present	NKX2-2															KO_RANDOMIZED_GRN	synaptic_assembly_receptor_trafficking	XDD395	6.491650487582798e-05	708.0									
CellOracle_donor_module_effects	canonical_rows_present	NKX2-2															KO_RANDOMIZED_GRN	synaptic_assembly_receptor_trafficking	XDD424	0.0003361702896948	900.0									
CellOracle_donor_module_effects	canonical_rows_present	NKX2-2															KO_RANDOMIZED_GRN	synaptic_assembly_receptor_trafficking	XDD431	0.0010248758277247	900.0									
CellOracle_donor_module_effects	canonical_rows_present	NKX2-2															KO	synaptic_membrane_structural_candidates	BRC2256	-0.0581329092904351	879.0									
CellOracle_donor_module_effects	canonical_rows_present	NKX2-2															KO	synaptic_membrane_structural_candidates	BRC2329	-0.0001255560088874	600.0									
CellOracle_donor_module_effects	canonical_rows_present	NKX2-2															KO	synaptic_membrane_structural_candidates	BRC2330	-0.0010612962038851	600.0									
CellOracle_donor_module_effects	canonical_rows_present	NKX2-2															KO	synaptic_membrane_structural_candidates	HDBR15777	-0.0665755753153046	900.0									
CellOracle_donor_module_effects	canonical_rows_present	NKX2-2															KO	synaptic_membrane_structural_candidates	HDBR15853	-0.0613002311942368	900.0									
CellOracle_donor_module_effects	canonical_rows_present	NKX2-2															KO	synaptic_membrane_structural_candidates	XDD395	-0.0030252126447887	708.0									
CellOracle_donor_module_effects	canonical_rows_present	NKX2-2															KO	synaptic_membrane_structural_candidates	XDD424	-0.0101126407154984	900.0									
CellOracle_donor_module_effects	canonical_rows_present	NKX2-2															KO	synaptic_membrane_structural_candidates	XDD431	-0.0327074035779545	900.0									
CellOracle_donor_module_effects	canonical_rows_present	NKX2-2															OE	synaptic_membrane_structural_candidates	BRC2256	0.0883259664826978	879.0									
CellOracle_donor_module_effects	canonical_rows_present	NKX2-2															OE	synaptic_membrane_structural_candidates	BRC2329	0.030533718270466	600.0									
CellOracle_donor_module_effects	canonical_rows_present	NKX2-2															OE	synaptic_membrane_structural_candidates	BRC2330	0.0255893943548945	600.0									
CellOracle_donor_module_effects	canonical_rows_present	NKX2-2															OE	synaptic_membrane_structural_candidates	HDBR15777	0.0860142598883395	900.0									
CellOracle_donor_module_effects	canonical_rows_present	NKX2-2															OE	synaptic_membrane_structural_candidates	HDBR15853	0.0893969295195101	900.0									
CellOracle_donor_module_effects	canonical_rows_present	NKX2-2															OE	synaptic_membrane_structural_candidates	XDD395	0.0895601092154238	708.0									
CellOracle_donor_module_effects	canonical_rows_present	NKX2-2															OE	synaptic_membrane_structural_candidates	XDD424	0.1497558619747655	900.0									
CellOracle_donor_module_effects	canonical_rows_present	NKX2-2															OE	synaptic_membrane_structural_candidates	XDD431	0.119789798561062	900.0									
CellOracle_donor_module_effects	canonical_rows_present	NKX2-2															KO_RANDOMIZED_GRN	synaptic_membrane_structural_candidates	BRC2256	0.002486803135552	879.0									
CellOracle_donor_module_effects	canonical_rows_present	NKX2-2															KO_RANDOMIZED_GRN	synaptic_membrane_structural_candidates	BRC2329	-2.042938048407457e-05	600.0									
CellOracle_donor_module_effects	canonical_rows_present	NKX2-2															KO_RANDOMIZED_GRN	synaptic_membrane_structural_candidates	BRC2330	-0.0002932582546147	600.0									
CellOracle_donor_module_effects	canonical_rows_present	NKX2-2															KO_RANDOMIZED_GRN	synaptic_membrane_structural_candidates	HDBR15777	0.0029323566494432	900.0									
CellOracle_donor_module_effects	canonical_rows_present	NKX2-2															KO_RANDOMIZED_GRN	synaptic_membrane_structural_candidates	HDBR15853	0.0027972808799091	900.0									
CellOracle_donor_module_effects	canonical_rows_present	NKX2-2															KO_RANDOMIZED_GRN	synaptic_membrane_structural_candidates	XDD395	-0.0001077975858209	708.0									
CellOracle_donor_module_effects	canonical_rows_present	NKX2-2															KO_RANDOMIZED_GRN	synaptic_membrane_structural_candidates	XDD424	0.0004230300832357	900.0									
CellOracle_donor_module_effects	canonical_rows_present	NKX2-2															KO_RANDOMIZED_GRN	synaptic_membrane_structural_candidates	XDD431	0.0013288826523173	900.0									
CellOracle_donor_module_effects	canonical_rows_present	RFX5															KO	activity_dependent_plasticity	BRC2256	-0.0003296968181189	879.0									
CellOracle_donor_module_effects	canonical_rows_present	RFX5															KO	activity_dependent_plasticity	BRC2329	-2.8371135696828724e-06	600.0									
CellOracle_donor_module_effects	canonical_rows_present	RFX5															KO	activity_dependent_plasticity	BRC2330	-2.809163754274415e-05	600.0									
CellOracle_donor_module_effects	canonical_rows_present	RFX5															KO	activity_dependent_plasticity	HDBR15777	-0.0002489571988361	900.0									
CellOracle_donor_module_effects	canonical_rows_present	RFX5															KO	activity_dependent_plasticity	HDBR15853	-0.0003490686460864	900.0									
CellOracle_donor_module_effects	canonical_rows_present	RFX5															KO	activity_dependent_plasticity	XDD395	-0.0001521719953476	708.0									
CellOracle_donor_module_effects	canonical_rows_present	RFX5															KO	activity_dependent_plasticity	XDD424	-0.0004080336397134	900.0									
CellOracle_donor_module_effects	canonical_rows_present	RFX5															KO	activity_dependent_plasticity	XDD431	-0.0003751365306602	900.0									
CellOracle_donor_module_effects	canonical_rows_present	RFX5															OE	activity_dependent_plasticity	BRC2256	0.0006793978104986	879.0									
CellOracle_donor_module_effects	canonical_rows_present	RFX5															OE	activity_dependent_plasticity	BRC2329	5.210277101836101e-05	600.0									
CellOracle_donor_module_effects	canonical_rows_present	RFX5															OE	activity_dependent_plasticity	BRC2330	3.329562727603525e-05	600.0									
CellOracle_donor_module_effects	canonical_rows_present	RFX5															OE	activity_dependent_plasticity	HDBR15777	0.0008104428698706	900.0									
CellOracle_donor_module_effects	canonical_rows_present	RFX5															OE	activity_dependent_plasticity	HDBR15853	0.0007113276342702	900.0									
CellOracle_donor_module_effects	canonical_rows_present	RFX5															OE	activity_dependent_plasticity	XDD395	0.0003644619773238	708.0									
CellOracle_donor_module_effects	canonical_rows_present	RFX5															OE	activity_dependent_plasticity	XDD424	0.0003840266245006	900.0									
CellOracle_donor_module_effects	canonical_rows_present	RFX5															OE	activity_dependent_plasticity	XDD431	0.0006438153942944	900.0									
CellOracle_donor_module_effects	canonical_rows_present	RFX5															KO_RANDOMIZED_GRN	activity_dependent_plasticity	BRC2256	-0.0001253697981787	879.0									
CellOracle_donor_module_effects	canonical_rows_present	RFX5															KO_RANDOMIZED_GRN	activity_dependent_plasticity	BRC2329	-4.4024569731254494e-05	600.0									
CellOracle_donor_module_effects	canonical_rows_present	RFX5															KO_RANDOMIZED_GRN	activity_dependent_plasticity	BRC2330	-7.415431604961375e-05	600.0									
CellOracle_donor_module_effects	canonical_rows_present	RFX5															KO_RANDOMIZED_GRN	activity_dependent_plasticity	HDBR15777	-9.96056096179836e-05	900.0									
CellOracle_donor_module_effects	canonical_rows_present	RFX5															KO_RANDOMIZED_GRN	activity_dependent_plasticity	HDBR15853	-0.0001232264333461	900.0									
CellOracle_donor_module_effects	canonical_rows_present	RFX5															KO_RANDOMIZED_GRN	activity_dependent_plasticity	XDD395	-9.150469670729197e-05	708.0									
CellOracle_donor_module_effects	canonical_rows_present	RFX5															KO_RANDOMIZED_GRN	activity_dependent_plasticity	XDD424	-0.0001392580359671	900.0									
CellOracle_donor_module_effects	canonical_rows_present	RFX5															KO_RANDOMIZED_GRN	activity_dependent_plasticity	XDD431	-0.0001289448820507	900.0									
CellOracle_donor_module_effects	canonical_rows_present	RFX5															KO	astrocyte_maturation_metabolic_support	BRC2256	-0.0001995663217118	879.0									
CellOracle_donor_module_effects	canonical_rows_present	RFX5															KO	astrocyte_maturation_metabolic_support	BRC2329	-0.0003395593909486	600.0									
CellOracle_donor_module_effects	canonical_rows_present	RFX5															KO	astrocyte_maturation_metabolic_support	BRC2330	-0.0002499038443512	600.0									
CellOracle_donor_module_effects	canonical_rows_present	RFX5															KO	astrocyte_maturation_metabolic_support	HDBR15777	-0.0002225218568981	900.0									
CellOracle_donor_module_effects	canonical_rows_present	RFX5															KO	astrocyte_maturation_metabolic_support	HDBR15853	-0.0002449088836294	900.0									
CellOracle_donor_module_effects	canonical_rows_present	RFX5															KO	astrocyte_maturation_metabolic_support	XDD395	-0.0002389386155309	708.0									
CellOracle_donor_module_effects	canonical_rows_present	RFX5															KO	astrocyte_maturation_metabolic_support	XDD424	-0.0002046420076812	900.0									
CellOracle_donor_module_effects	canonical_rows_present	RFX5															KO	astrocyte_maturation_metabolic_support	XDD431	-0.0002116220665652	900.0									
CellOracle_donor_module_effects	canonical_rows_present	RFX5															OE	astrocyte_maturation_metabolic_support	BRC2256	0.000832339042809	879.0									
CellOracle_donor_module_effects	canonical_rows_present	RFX5															OE	astrocyte_maturation_metabolic_support	BRC2329	0.0010421358841188	600.0									
CellOracle_donor_module_effects	canonical_rows_present	RFX5															OE	astrocyte_maturation_metabolic_support	BRC2330	0.0010735561625386	600.0									
CellOracle_donor_module_effects	canonical_rows_present	RFX5															OE	astrocyte_maturation_metabolic_support	HDBR15777	0.0008186773738768	900.0									
CellOracle_donor_module_effects	canonical_rows_present	RFX5															OE	astrocyte_maturation_metabolic_support	HDBR15853	0.0007978695484933	900.0									
CellOracle_donor_module_effects	canonical_rows_present	RFX5															OE	astrocyte_maturation_metabolic_support	XDD395	0.0009439158483428	708.0									
CellOracle_donor_module_effects	canonical_rows_present	RFX5															OE	astrocyte_maturation_metabolic_support	XDD424	0.0007715234706498	900.0									
CellOracle_donor_module_effects	canonical_rows_present	RFX5															OE	astrocyte_maturation_metabolic_support	XDD431	0.0007979799254105	900.0									
CellOracle_donor_module_effects	canonical_rows_present	RFX5															KO_RANDOMIZED_GRN	astrocyte_maturation_metabolic_support	BRC2256	-6.947931091713007e-06	879.0									
CellOracle_donor_module_effects	canonical_rows_present	RFX5															KO_RANDOMIZED_GRN	astrocyte_maturation_metabolic_support	BRC2329	5.306141361444242e-05	600.0									
CellOracle_donor_module_effects	canonical_rows_present	RFX5															KO_RANDOMIZED_GRN	astrocyte_maturation_metabolic_support	BRC2330	1.3022654383617213e-05	600.0									
CellOracle_donor_module_effects	canonical_rows_present	RFX5															KO_RANDOMIZED_GRN	astrocyte_maturation_metabolic_support	HDBR15777	-4.156936402530213e-06	900.0									
CellOracle_donor_module_effects	canonical_rows_present	RFX5															KO_RANDOMIZED_GRN	astrocyte_maturation_metabolic_support	HDBR15853	5.174222432270515e-07	900.0									
CellOracle_donor_module_effects	canonical_rows_present	RFX5															KO_RANDOMIZED_GRN	astrocyte_maturation_metabolic_support	XDD395	2.2415819304903463e-05	708.0									
CellOracle_donor_module_effects	canonical_rows_present	RFX5															KO_RANDOMIZED_GRN	astrocyte_maturation_metabolic_support	XDD424	-1.7464960840319784e-05	900.0									
CellOracle_donor_module_effects	canonical_rows_present	RFX5															KO_RANDOMIZED_GRN	astrocyte_maturation_metabolic_support	XDD431	-1.4646189561163295e-05	900.0									
CellOracle_donor_module_effects	canonical_rows_present	RFX5															KO	axon_guidance_neurite_outgrowth	BRC2256	0.0002844722852594	879.0									
CellOracle_donor_module_effects	canonical_rows_present	RFX5															KO	axon_guidance_neurite_outgrowth	BRC2329	0.0006455308075518	600.0									
CellOracle_donor_module_effects	canonical_rows_present	RFX5															KO	axon_guidance_neurite_outgrowth	BRC2330	0.0006082782866877	600.0									
CellOracle_donor_module_effects	canonical_rows_present	RFX5															KO	axon_guidance_neurite_outgrowth	HDBR15777	0.0003037232932039	900.0									
CellOracle_donor_module_effects	canonical_rows_present	RFX5															KO	axon_guidance_neurite_outgrowth	HDBR15853	0.0002903498215666	900.0									
CellOracle_donor_module_effects	canonical_rows_present	RFX5															KO	axon_guidance_neurite_outgrowth	XDD395	0.0004804420386189	708.0									
CellOracle_donor_module_effects	canonical_rows_present	RFX5															KO	axon_guidance_neurite_outgrowth	XDD424	0.0002110905669656	900.0									
CellOracle_donor_module_effects	canonical_rows_present	RFX5															KO	axon_guidance_neurite_outgrowth	XDD431	0.0002645042916173	900.0									
CellOracle_donor_module_effects	canonical_rows_present	RFX5															OE	axon_guidance_neurite_outgrowth	BRC2256	-0.0011556979865607	879.0									
CellOracle_donor_module_effects	canonical_rows_present	RFX5															OE	axon_guidance_neurite_outgrowth	BRC2329	-0.0015843436347735	600.0									
CellOracle_donor_module_effects	canonical_rows_present	RFX5															OE	axon_guidance_neurite_outgrowth	BRC2330	-0.0017616325361381	600.0									
CellOracle_donor_module_effects	canonical_rows_present	RFX5															OE	axon_guidance_neurite_outgrowth	HDBR15777	-0.0009642979492294	900.0									
CellOracle_donor_module_effects	canonical_rows_present	RFX5															OE	axon_guidance_neurite_outgrowth	HDBR15853	-0.0009618481140472	900.0									
CellOracle_donor_module_effects	canonical_rows_present	RFX5															OE	axon_guidance_neurite_outgrowth	XDD395	-0.0014469858677372	708.0									
CellOracle_donor_module_effects	canonical_rows_present	RFX5															OE	axon_guidance_neurite_outgrowth	XDD424	-0.0011537032922432	900.0									
CellOracle_donor_module_effects	canonical_rows_present	RFX5															OE	axon_guidance_neurite_outgrowth	XDD431	-0.0011037352510554	900.0									
CellOracle_donor_module_effects	canonical_rows_present	RFX5															KO_RANDOMIZED_GRN	axon_guidance_neurite_outgrowth	BRC2256	4.670344443826395e-06	879.0									
CellOracle_donor_module_effects	canonical_rows_present	RFX5															KO_RANDOMIZED_GRN	axon_guidance_neurite_outgrowth	BRC2329	1.0586113329623856e-05	600.0									
CellOracle_donor_module_effects	canonical_rows_present	RFX5															KO_RANDOMIZED_GRN	axon_guidance_neurite_outgrowth	BRC2330	-1.789538588492003e-05	600.0									
CellOracle_donor_module_effects	canonical_rows_present	RFX5															KO_RANDOMIZED_GRN	axon_guidance_neurite_outgrowth	HDBR15777	-2.3093695941169154e-06	900.0									
CellOracle_donor_module_effects	canonical_rows_present	RFX5															KO_RANDOMIZED_GRN	axon_guidance_neurite_outgrowth	HDBR15853	8.885408736460407e-06	900.0									
CellOracle_donor_module_effects	canonical_rows_present	RFX5															KO_RANDOMIZED_GRN	axon_guidance_neurite_outgrowth	XDD395	1.2827777819524044e-05	708.0									
CellOracle_donor_module_effects	canonical_rows_present	RFX5															KO_RANDOMIZED_GRN	axon_guidance_neurite_outgrowth	XDD424	-2.958603065710768e-07	900.0									
CellOracle_donor_module_effects	canonical_rows_present	RFX5															KO_RANDOMIZED_GRN	axon_guidance_neurite_outgrowth	XDD431	2.859874874875749e-07	900.0									
CellOracle_donor_module_effects	canonical_rows_present	RFX5															KO	neurogenesis_migration_layering	BRC2256	0.0004255759556777	879.0									
CellOracle_donor_module_effects	canonical_rows_present	RFX5															KO	neurogenesis_migration_layering	BRC2329	0.0004563105607121	600.0									
CellOracle_donor_module_effects	canonical_rows_present	RFX5															KO	neurogenesis_migration_layering	BRC2330	0.0005138490779529	600.0									
CellOracle_donor_module_effects	canonical_rows_present	RFX5															KO	neurogenesis_migration_layering	HDBR15777	0.0003834758115678	900.0									
CellOracle_donor_module_effects	canonical_rows_present	RFX5															KO	neurogenesis_migration_layering	HDBR15853	0.0004140314829147	900.0									
CellOracle_donor_module_effects	canonical_rows_present	RFX5															KO	neurogenesis_migration_layering	XDD395	0.0004394116738934	708.0									
CellOracle_donor_module_effects	canonical_rows_present	RFX5															KO	neurogenesis_migration_layering	XDD424	0.0004222818546525	900.0									
CellOracle_donor_module_effects	canonical_rows_present	RFX5															KO	neurogenesis_migration_layering	XDD431	0.0004504839700421	900.0									
CellOracle_donor_module_effects	canonical_rows_present	RFX5															OE	neurogenesis_migration_layering	BRC2256	-0.0011125220478349	879.0									
CellOracle_donor_module_effects	canonical_rows_present	RFX5															OE	neurogenesis_migration_layering	BRC2329	-0.0012793996468901	600.0									
CellOracle_donor_module_effects	canonical_rows_present	RFX5															OE	neurogenesis_migration_layering	BRC2330	-0.0011950032678065	600.0									
CellOracle_donor_module_effects	canonical_rows_present	RFX5															OE	neurogenesis_migration_layering	HDBR15777	-0.0011577731401846	900.0									
CellOracle_donor_module_effects	canonical_rows_present	RFX5															OE	neurogenesis_migration_layering	HDBR15853	-0.0011156425927272	900.0									
CellOracle_donor_module_effects	canonical_rows_present	RFX5															OE	neurogenesis_migration_layering	XDD395	-0.0011848375152769	708.0									
CellOracle_donor_module_effects	canonical_rows_present	RFX5															OE	neurogenesis_migration_layering	XDD424	-0.0010508929660287	900.0									
CellOracle_donor_module_effects	canonical_rows_present	RFX5															OE	neurogenesis_migration_layering	XDD431	-0.0010865708680646	900.0									
CellOracle_donor_module_effects	canonical_rows_present	RFX5															KO_RANDOMIZED_GRN	neurogenesis_migration_layering	BRC2256	9.949483883017595e-05	879.0									
CellOracle_donor_module_effects	canonical_rows_present	RFX5															KO_RANDOMIZED_GRN	neurogenesis_migration_layering	BRC2329	6.579021783333213e-05	600.0									
CellOracle_donor_module_effects	canonical_rows_present	RFX5															KO_RANDOMIZED_GRN	neurogenesis_migration_layering	BRC2330	0.0001012328919529	600.0									
CellOracle_donor_module_effects	canonical_rows_present	RFX5															KO_RANDOMIZED_GRN	neurogenesis_migration_layering	HDBR15777	8.706476192690459e-05	900.0									
CellOracle_donor_module_effects	canonical_rows_present	RFX5															KO_RANDOMIZED_GRN	neurogenesis_migration_layering	HDBR15853	9.15430377477585e-05	900.0									
CellOracle_donor_module_effects	canonical_rows_present	RFX5															KO_RANDOMIZED_GRN	neurogenesis_migration_layering	XDD395	8.125515738938937e-05	708.0									
CellOracle_donor_module_effects	canonical_rows_present	RFX5															KO_RANDOMIZED_GRN	neurogenesis_migration_layering	XDD424	0.0001009469427358	900.0									
CellOracle_donor_module_effects	canonical_rows_present	RFX5															KO_RANDOMIZED_GRN	neurogenesis_migration_layering	XDD431	0.0001057132137648	900.0									
CellOracle_donor_module_effects	canonical_rows_present	RFX5															KO	oligodendrocyte_myelination	BRC2256	0.0002461499382586	879.0									
CellOracle_donor_module_effects	canonical_rows_present	RFX5															KO	oligodendrocyte_myelination	BRC2329	-7.311923985859616e-05	600.0									
CellOracle_donor_module_effects	canonical_rows_present	RFX5															KO	oligodendrocyte_myelination	BRC2330	-0.0001337741253769	600.0									
CellOracle_donor_module_effects	canonical_rows_present	RFX5															KO	oligodendrocyte_myelination	HDBR15777	0.0001595063664838	900.0									
CellOracle_donor_module_effects	canonical_rows_present	RFX5															KO	oligodendrocyte_myelination	HDBR15853	0.0002732633774083	900.0									
CellOracle_donor_module_effects	canonical_rows_present	RFX5															KO	oligodendrocyte_myelination	XDD395	5.238424156959766e-05	708.0									
CellOracle_donor_module_effects	canonical_rows_present	RFX5															KO	oligodendrocyte_myelination	XDD424	0.0003159661502085	900.0									
CellOracle_donor_module_effects	canonical_rows_present	RFX5															KO	oligodendrocyte_myelination	XDD431	0.0002723872997357	900.0									
CellOracle_donor_module_effects	canonical_rows_present	RFX5															OE	oligodendrocyte_myelination	BRC2256	-0.0004359548706441	879.0									
CellOracle_donor_module_effects	canonical_rows_present	RFX5															OE	oligodendrocyte_myelination	BRC2329	0.0003190778278277	600.0									
CellOracle_donor_module_effects	canonical_rows_present	RFX5															OE	oligodendrocyte_myelination	BRC2330	0.0002658682807701	600.0									
CellOracle_donor_module_effects	canonical_rows_present	RFX5															OE	oligodendrocyte_myelination	HDBR15777	-0.0005530435168139	900.0									
CellOracle_donor_module_effects	canonical_rows_present	RFX5															OE	oligodendrocyte_myelination	HDBR15853	-0.0004451250846553	900.0									
CellOracle_donor_module_effects	canonical_rows_present	RFX5															OE	oligodendrocyte_myelination	XDD395	0.0001092614170673	708.0									
CellOracle_donor_module_effects	canonical_rows_present	RFX5															OE	oligodendrocyte_myelination	XDD424	-6.461012415232652e-06	900.0									
CellOracle_donor_module_effects	canonical_rows_present	RFX5															OE	oligodendrocyte_myelination	XDD431	-0.0003400819806171	900.0									
CellOracle_donor_module_effects	canonical_rows_present	RFX5															KO_RANDOMIZED_GRN	oligodendrocyte_myelination	BRC2256	0.0001357659657158	879.0									
CellOracle_donor_module_effects	canonical_rows_present	RFX5															KO_RANDOMIZED_GRN	oligodendrocyte_myelination	BRC2329	0.0002443552824174	600.0									
CellOracle_donor_module_effects	canonical_rows_present	RFX5															KO_RANDOMIZED_GRN	oligodendrocyte_myelination	BRC2330	0.0001838438042054	600.0									
CellOracle_donor_module_effects	canonical_rows_present	RFX5															KO_RANDOMIZED_GRN	oligodendrocyte_myelination	HDBR15777	0.0001251923880115	900.0									
CellOracle_donor_module_effects	canonical_rows_present	RFX5															KO_RANDOMIZED_GRN	oligodendrocyte_myelination	HDBR15853	0.0001558737438862	900.0									
CellOracle_donor_module_effects	canonical_rows_present	RFX5															KO_RANDOMIZED_GRN	oligodendrocyte_myelination	XDD395	0.0001783475161118	708.0									
CellOracle_donor_module_effects	canonical_rows_present	RFX5															KO_RANDOMIZED_GRN	oligodendrocyte_myelination	XDD424	0.0001264444776371	900.0									
CellOracle_donor_module_effects	canonical_rows_present	RFX5															KO_RANDOMIZED_GRN	oligodendrocyte_myelination	XDD431	0.0001328221209989	900.0									
CellOracle_donor_module_effects	canonical_rows_present	RFX5															KO	patterning_arealization	BRC2256	-0.0002399706454134	879.0									
CellOracle_donor_module_effects	canonical_rows_present	RFX5															KO	patterning_arealization	BRC2329	-0.0003954124060561	600.0									
CellOracle_donor_module_effects	canonical_rows_present	RFX5															KO	patterning_arealization	BRC2330	-0.0002572289101339	600.0									
CellOracle_donor_module_effects	canonical_rows_present	RFX5															KO	patterning_arealization	HDBR15777	-0.0002469054777384	900.0									
CellOracle_donor_module_effects	canonical_rows_present	RFX5															KO	patterning_arealization	HDBR15853	-0.000328108650828	900.0									
CellOracle_donor_module_effects	canonical_rows_present	RFX5															KO	patterning_arealization	XDD395	-0.0003334770902884	708.0									
CellOracle_donor_module_effects	canonical_rows_present	RFX5															KO	patterning_arealization	XDD424	-0.0002571406453691	900.0									
CellOracle_donor_module_effects	canonical_rows_present	RFX5															KO	patterning_arealization	XDD431	-0.0002683606154736	900.0									
CellOracle_donor_module_effects	canonical_rows_present	RFX5															OE	patterning_arealization	BRC2256	0.0012485568125408	879.0									
CellOracle_donor_module_effects	canonical_rows_present	RFX5															OE	patterning_arealization	BRC2329	0.0010604382978428	600.0									
CellOracle_donor_module_effects	canonical_rows_present	RFX5															OE	patterning_arealization	BRC2330	0.0012064494333211	600.0									
CellOracle_donor_module_effects	canonical_rows_present	RFX5															OE	patterning_arealization	HDBR15777	0.0012909811595902	900.0									
CellOracle_donor_module_effects	canonical_rows_present	RFX5															OE	patterning_arealization	HDBR15853	0.0011490187074589	900.0									
CellOracle_donor_module_effects	canonical_rows_present	RFX5															OE	patterning_arealization	XDD395	0.0011303542130207	708.0									
CellOracle_donor_module_effects	canonical_rows_present	RFX5															OE	patterning_arealization	XDD424	0.0011535194198605	900.0									
CellOracle_donor_module_effects	canonical_rows_present	RFX5															OE	patterning_arealization	XDD431	0.0012301249840463	900.0									
CellOracle_donor_module_effects	canonical_rows_present	RFX5															KO_RANDOMIZED_GRN	patterning_arealization	BRC2256	5.296965502009744e-05	879.0									
CellOracle_donor_module_effects	canonical_rows_present	RFX5															KO_RANDOMIZED_GRN	patterning_arealization	BRC2329	0.0001731113340229	600.0									
CellOracle_donor_module_effects	canonical_rows_present	RFX5															KO_RANDOMIZED_GRN	patterning_arealization	BRC2330	0.0001586008988866	600.0									
CellOracle_donor_module_effects	canonical_rows_present	RFX5															KO_RANDOMIZED_GRN	patterning_arealization	HDBR15777	6.152109261739518e-05	900.0									
CellOracle_donor_module_effects	canonical_rows_present	RFX5															KO_RANDOMIZED_GRN	patterning_arealization	HDBR15853	4.473235526781824e-05	900.0									
CellOracle_donor_module_effects	canonical_rows_present	RFX5															KO_RANDOMIZED_GRN	patterning_arealization	XDD395	0.0001122625303168	708.0									
CellOracle_donor_module_effects	canonical_rows_present	RFX5															KO_RANDOMIZED_GRN	patterning_arealization	XDD424	4.8023350207454207e-05	900.0									
CellOracle_donor_module_effects	canonical_rows_present	RFX5															KO_RANDOMIZED_GRN	patterning_arealization	XDD431	7.53850141160866e-05	900.0									
CellOracle_donor_module_effects	canonical_rows_present	RFX5															KO	progenitor_radial_glia	BRC2256	-0.000260523094245	879.0									
CellOracle_donor_module_effects	canonical_rows_present	RFX5															KO	progenitor_radial_glia	BRC2329	-0.0006641036783472	600.0									
CellOracle_donor_module_effects	canonical_rows_present	RFX5															KO	progenitor_radial_glia	BRC2330	-0.0004384274230119	600.0									
CellOracle_donor_module_effects	canonical_rows_present	RFX5															KO	progenitor_radial_glia	HDBR15777	-0.0002814429023569	900.0									
CellOracle_donor_module_effects	canonical_rows_present	RFX5															KO	progenitor_radial_glia	HDBR15853	-0.0003678018932519	900.0									
CellOracle_donor_module_effects	canonical_rows_present	RFX5															KO	progenitor_radial_glia	XDD395	-0.0004830359353076	708.0									
CellOracle_donor_module_effects	canonical_rows_present	RFX5															KO	progenitor_radial_glia	XDD424	-0.0002689091197713	900.0									
CellOracle_donor_module_effects	canonical_rows_present	RFX5															KO	progenitor_radial_glia	XDD431	-0.0002750094538307	900.0									
CellOracle_donor_module_effects	canonical_rows_present	RFX5															OE	progenitor_radial_glia	BRC2256	0.0015176591611812	879.0									
CellOracle_donor_module_effects	canonical_rows_present	RFX5															OE	progenitor_radial_glia	BRC2329	0.0017219167798056	600.0									
CellOracle_donor_module_effects	canonical_rows_present	RFX5															OE	progenitor_radial_glia	BRC2330	0.0019353490089176	600.0									
CellOracle_donor_module_effects	canonical_rows_present	RFX5															OE	progenitor_radial_glia	HDBR15777	0.0014832593192752	900.0									
CellOracle_donor_module_effects	canonical_rows_present	RFX5															OE	progenitor_radial_glia	HDBR15853	0.0014028634876804	900.0									
CellOracle_donor_module_effects	canonical_rows_present	RFX5															OE	progenitor_radial_glia	XDD395	0.0016195371741567	708.0									
CellOracle_donor_module_effects	canonical_rows_present	RFX5															OE	progenitor_radial_glia	XDD424	0.0014387540184942	900.0									
CellOracle_donor_module_effects	canonical_rows_present	RFX5															OE	progenitor_radial_glia	XDD431	0.0015017471851869	900.0									
CellOracle_donor_module_effects	canonical_rows_present	RFX5															KO_RANDOMIZED_GRN	progenitor_radial_glia	BRC2256	3.946338416930519e-06	879.0									
CellOracle_donor_module_effects	canonical_rows_present	RFX5															KO_RANDOMIZED_GRN	progenitor_radial_glia	BRC2329	-1.1219407340944651e-05	600.0									
CellOracle_donor_module_effects	canonical_rows_present	RFX5															KO_RANDOMIZED_GRN	progenitor_radial_glia	BRC2330	-1.09228161518371e-08	600.0									
CellOracle_donor_module_effects	canonical_rows_present	RFX5															KO_RANDOMIZED_GRN	progenitor_radial_glia	HDBR15777	-7.333166399467392e-06	900.0									
CellOracle_donor_module_effects	canonical_rows_present	RFX5															KO_RANDOMIZED_GRN	progenitor_radial_glia	HDBR15853	-6.552774001086102e-06	900.0									
CellOracle_donor_module_effects	canonical_rows_present	RFX5															KO_RANDOMIZED_GRN	progenitor_radial_glia	XDD395	1.0416561125435537e-05	708.0									
CellOracle_donor_module_effects	canonical_rows_present	RFX5															KO_RANDOMIZED_GRN	progenitor_radial_glia	XDD424	3.15283085264969e-06	900.0									
CellOracle_donor_module_effects	canonical_rows_present	RFX5															KO_RANDOMIZED_GRN	progenitor_radial_glia	XDD431	3.0479294110505087e-06	900.0									
CellOracle_donor_module_effects	canonical_rows_present	RFX5															KO	synaptic_assembly_receptor_trafficking	BRC2256	0.000704445727301	879.0									
CellOracle_donor_module_effects	canonical_rows_present	RFX5															KO	synaptic_assembly_receptor_trafficking	BRC2329	0.0008198894408077	600.0									
CellOracle_donor_module_effects	canonical_rows_present	RFX5															KO	synaptic_assembly_receptor_trafficking	BRC2330	0.0007801865547407	600.0									
CellOracle_donor_module_effects	canonical_rows_present	RFX5															KO	synaptic_assembly_receptor_trafficking	HDBR15777	0.0006411170722993	900.0									
CellOracle_donor_module_effects	canonical_rows_present	RFX5															KO	synaptic_assembly_receptor_trafficking	HDBR15853	0.0007473959353034	900.0									
CellOracle_donor_module_effects	canonical_rows_present	RFX5															KO	synaptic_assembly_receptor_trafficking	XDD395	0.0007626712563464	708.0									
CellOracle_donor_module_effects	canonical_rows_present	RFX5															KO	synaptic_assembly_receptor_trafficking	XDD424	0.0007141884998729	900.0									
CellOracle_donor_module_effects	canonical_rows_present	RFX5															KO	synaptic_assembly_receptor_trafficking	XDD431	0.0007440585647074	900.0									
CellOracle_donor_module_effects	canonical_rows_present	RFX5															OE	synaptic_assembly_receptor_trafficking	BRC2256	-0.0021793990062656	879.0									
CellOracle_donor_module_effects	canonical_rows_present	RFX5															OE	synaptic_assembly_receptor_trafficking	BRC2329	-0.0022166854785043	600.0									
CellOracle_donor_module_effects	canonical_rows_present	RFX5															OE	synaptic_assembly_receptor_trafficking	BRC2330	-0.0022565059472058	600.0									
CellOracle_donor_module_effects	canonical_rows_present	RFX5															OE	synaptic_assembly_receptor_trafficking	HDBR15777	-0.0022283334620113	900.0									
CellOracle_donor_module_effects	canonical_rows_present	RFX5															OE	synaptic_assembly_receptor_trafficking	HDBR15853	-0.002118230888483	900.0									
CellOracle_donor_module_effects	canonical_rows_present	RFX5															OE	synaptic_assembly_receptor_trafficking	XDD395	-0.0021900055603892	708.0									
CellOracle_donor_module_effects	canonical_rows_present	RFX5															OE	synaptic_assembly_receptor_trafficking	XDD424	-0.0019207835948596	900.0									
CellOracle_donor_module_effects	canonical_rows_present	RFX5															OE	synaptic_assembly_receptor_trafficking	XDD431	-0.0020916577889774	900.0									
CellOracle_donor_module_effects	canonical_rows_present	RFX5															KO_RANDOMIZED_GRN	synaptic_assembly_receptor_trafficking	BRC2256	5.02320781506447e-06	879.0									
CellOracle_donor_module_effects	canonical_rows_present	RFX5															KO_RANDOMIZED_GRN	synaptic_assembly_receptor_trafficking	BRC2329	0.000112638510449	600.0									
CellOracle_donor_module_effects	canonical_rows_present	RFX5															KO_RANDOMIZED_GRN	synaptic_assembly_receptor_trafficking	BRC2330	0.0001016381276322	600.0									
CellOracle_donor_module_effects	canonical_rows_present	RFX5															KO_RANDOMIZED_GRN	synaptic_assembly_receptor_trafficking	HDBR15777	2.1906627071575556e-05	900.0									
CellOracle_donor_module_effects	canonical_rows_present	RFX5															KO_RANDOMIZED_GRN	synaptic_assembly_receptor_trafficking	HDBR15853	9.5897709770349e-06	900.0									
CellOracle_donor_module_effects	canonical_rows_present	RFX5															KO_RANDOMIZED_GRN	synaptic_assembly_receptor_trafficking	XDD395	6.635995221624918e-05	708.0									
CellOracle_donor_module_effects	canonical_rows_present	RFX5															KO_RANDOMIZED_GRN	synaptic_assembly_receptor_trafficking	XDD424	-6.875548258164237e-06	900.0									
CellOracle_donor_module_effects	canonical_rows_present	RFX5															KO_RANDOMIZED_GRN	synaptic_assembly_receptor_trafficking	XDD431	6.637364231868155e-06	900.0									
CellOracle_donor_module_effects	canonical_rows_present	RFX5															KO	synaptic_membrane_structural_candidates	BRC2256	0.0009910279261221	879.0									
CellOracle_donor_module_effects	canonical_rows_present	RFX5															KO	synaptic_membrane_structural_candidates	BRC2329	0.0009601175855228	600.0									
CellOracle_donor_module_effects	canonical_rows_present	RFX5															KO	synaptic_membrane_structural_candidates	BRC2330	0.000825686736734	600.0									
CellOracle_donor_module_effects	canonical_rows_present	RFX5															KO	synaptic_membrane_structural_candidates	HDBR15777	0.0008697253142734	900.0									
CellOracle_donor_module_effects	canonical_rows_present	RFX5															KO	synaptic_membrane_structural_candidates	HDBR15853	0.0010893822676744	900.0									
CellOracle_donor_module_effects	canonical_rows_present	RFX5															KO	synaptic_membrane_structural_candidates	XDD395	0.0009631256762866	708.0									
CellOracle_donor_module_effects	canonical_rows_present	RFX5															KO	synaptic_membrane_structural_candidates	XDD424	0.0010518819110248	900.0									
CellOracle_donor_module_effects	canonical_rows_present	RFX5															KO	synaptic_membrane_structural_candidates	XDD431	0.0010549715041751	900.0									
CellOracle_donor_module_effects	canonical_rows_present	RFX5															OE	synaptic_membrane_structural_candidates	BRC2256	-0.0030263414037489	879.0									
CellOracle_donor_module_effects	canonical_rows_present	RFX5															OE	synaptic_membrane_structural_candidates	BRC2329	-0.0024201798969151	600.0									
CellOracle_donor_module_effects	canonical_rows_present	RFX5															OE	synaptic_membrane_structural_candidates	BRC2330	-0.0026611328015366	600.0									
CellOracle_donor_module_effects	canonical_rows_present	RFX5															OE	synaptic_membrane_structural_candidates	HDBR15777	-0.003073619903437	900.0									
CellOracle_donor_module_effects	canonical_rows_present	RFX5															OE	synaptic_membrane_structural_candidates	HDBR15853	-0.0028511078486861	900.0									
CellOracle_donor_module_effects	canonical_rows_present	RFX5															OE	synaptic_membrane_structural_candidates	XDD395	-0.0027779102076894	708.0									
CellOracle_donor_module_effects	canonical_rows_present	RFX5															OE	synaptic_membrane_structural_candidates	XDD424	-0.0025435480978706	900.0									
CellOracle_donor_module_effects	canonical_rows_present	RFX5															OE	synaptic_membrane_structural_candidates	XDD431	-0.0029153117433806	900.0									
CellOracle_donor_module_effects	canonical_rows_present	RFX5															KO_RANDOMIZED_GRN	synaptic_membrane_structural_candidates	BRC2256	2.3957456833007205e-05	879.0									
CellOracle_donor_module_effects	canonical_rows_present	RFX5															KO_RANDOMIZED_GRN	synaptic_membrane_structural_candidates	BRC2329	-1.7013499400499085e-05	600.0									
CellOracle_donor_module_effects	canonical_rows_present	RFX5															KO_RANDOMIZED_GRN	synaptic_membrane_structural_candidates	BRC2330	-2.806412103490391e-05	600.0									
CellOracle_donor_module_effects	canonical_rows_present	RFX5															KO_RANDOMIZED_GRN	synaptic_membrane_structural_candidates	HDBR15777	1.5474360454106543e-05	900.0									
CellOracle_donor_module_effects	canonical_rows_present	RFX5															KO_RANDOMIZED_GRN	synaptic_membrane_structural_candidates	HDBR15853	2.9457223442481385e-05	900.0									
CellOracle_donor_module_effects	canonical_rows_present	RFX5															KO_RANDOMIZED_GRN	synaptic_membrane_structural_candidates	XDD395	-5.635740894419879e-06	708.0									
CellOracle_donor_module_effects	canonical_rows_present	RFX5															KO_RANDOMIZED_GRN	synaptic_membrane_structural_candidates	XDD424	3.775426258142188e-05	900.0									
CellOracle_donor_module_effects	canonical_rows_present	RFX5															KO_RANDOMIZED_GRN	synaptic_membrane_structural_candidates	XDD431	2.9567754080433377e-05	900.0									
CellOracle_donor_module_effects	canonical_rows_present	RFXANK															KO	activity_dependent_plasticity	BRC2256	0.0002069628513848	879.0									
CellOracle_donor_module_effects	canonical_rows_present	RFXANK															KO	activity_dependent_plasticity	BRC2329	0.0006404054153088	600.0									
CellOracle_donor_module_effects	canonical_rows_present	RFXANK															KO	activity_dependent_plasticity	BRC2330	0.000558983924636	600.0									
CellOracle_donor_module_effects	canonical_rows_present	RFXANK															KO	activity_dependent_plasticity	HDBR15777	0.000181886244692	900.0									
CellOracle_donor_module_effects	canonical_rows_present	RFXANK															KO	activity_dependent_plasticity	HDBR15853	0.0002251834971888	900.0									
CellOracle_donor_module_effects	canonical_rows_present	RFXANK															KO	activity_dependent_plasticity	XDD395	0.000316464525806	708.0									
CellOracle_donor_module_effects	canonical_rows_present	RFXANK															KO	activity_dependent_plasticity	XDD424	9.207633029600972e-05	900.0									
CellOracle_donor_module_effects	canonical_rows_present	RFXANK															KO	activity_dependent_plasticity	XDD431	0.0001287132221965	900.0									
CellOracle_donor_module_effects	canonical_rows_present	RFXANK															OE	activity_dependent_plasticity	BRC2256	-0.0007621119202937	879.0									
CellOracle_donor_module_effects	canonical_rows_present	RFXANK															OE	activity_dependent_plasticity	BRC2329	-0.0012126329128609	600.0									
CellOracle_donor_module_effects	canonical_rows_present	RFXANK															OE	activity_dependent_plasticity	BRC2330	-0.001420704625169	600.0									
CellOracle_donor_module_effects	canonical_rows_present	RFXANK															OE	activity_dependent_plasticity	HDBR15777	-0.000732919808267	900.0									
CellOracle_donor_module_effects	canonical_rows_present	RFXANK															OE	activity_dependent_plasticity	HDBR15853	-0.0006945426025486	900.0									
CellOracle_donor_module_effects	canonical_rows_present	RFXANK															OE	activity_dependent_plasticity	XDD395	-0.001199437186309	708.0									
CellOracle_donor_module_effects	canonical_rows_present	RFXANK															OE	activity_dependent_plasticity	XDD424	-0.0010622580536711	900.0									
CellOracle_donor_module_effects	canonical_rows_present	RFXANK															OE	activity_dependent_plasticity	XDD431	-0.0008504722380064	900.0									
CellOracle_donor_module_effects	canonical_rows_present	RFXANK															KO_RANDOMIZED_GRN	activity_dependent_plasticity	BRC2256	-0.0001038637616488	879.0									
CellOracle_donor_module_effects	canonical_rows_present	RFXANK															KO_RANDOMIZED_GRN	activity_dependent_plasticity	BRC2329	0.00022429623621	600.0									
CellOracle_donor_module_effects	canonical_rows_present	RFXANK															KO_RANDOMIZED_GRN	activity_dependent_plasticity	BRC2330	1.6654291563576729e-06	600.0									
CellOracle_donor_module_effects	canonical_rows_present	RFXANK															KO_RANDOMIZED_GRN	activity_dependent_plasticity	HDBR15777	-4.684496623327879e-05	900.0									
CellOracle_donor_module_effects	canonical_rows_present	RFXANK															KO_RANDOMIZED_GRN	activity_dependent_plasticity	HDBR15853	5.1506233563391e-05	900.0									
CellOracle_donor_module_effects	canonical_rows_present	RFXANK															KO_RANDOMIZED_GRN	activity_dependent_plasticity	XDD395	-2.14523621815802e-05	708.0									
CellOracle_donor_module_effects	canonical_rows_present	RFXANK															KO_RANDOMIZED_GRN	activity_dependent_plasticity	XDD424	3.948396247706655e-05	900.0									
CellOracle_donor_module_effects	canonical_rows_present	RFXANK															KO_RANDOMIZED_GRN	activity_dependent_plasticity	XDD431	-7.247129795986818e-05	900.0									
CellOracle_donor_module_effects	canonical_rows_present	RFXANK															KO	astrocyte_maturation_metabolic_support	BRC2256	-0.001176999192171	879.0									
CellOracle_donor_module_effects	canonical_rows_present	RFXANK															KO	astrocyte_maturation_metabolic_support	BRC2329	-0.002633528307871	600.0									
CellOracle_donor_module_effects	canonical_rows_present	RFXANK															KO	astrocyte_maturation_metabolic_support	BRC2330	-0.0008686850588856	600.0									
CellOracle_donor_module_effects	canonical_rows_present	RFXANK															KO	astrocyte_maturation_metabolic_support	HDBR15777	-0.0018226680403051	900.0									
CellOracle_donor_module_effects	canonical_rows_present	RFXANK															KO	astrocyte_maturation_metabolic_support	HDBR15853	-0.0017552360877482	900.0									
CellOracle_donor_module_effects	canonical_rows_present	RFXANK															KO	astrocyte_maturation_metabolic_support	XDD395	-0.000916177195089	708.0									
CellOracle_donor_module_effects	canonical_rows_present	RFXANK															KO	astrocyte_maturation_metabolic_support	XDD424	-0.0018996375482378	900.0									
CellOracle_donor_module_effects	canonical_rows_present	RFXANK															KO	astrocyte_maturation_metabolic_support	XDD431	-0.001390401399064	900.0									
CellOracle_donor_module_effects	canonical_rows_present	RFXANK															OE	astrocyte_maturation_metabolic_support	BRC2256	0.0077909391396718	879.0									
CellOracle_donor_module_effects	canonical_rows_present	RFXANK															OE	astrocyte_maturation_metabolic_support	BRC2329	0.0078063865134808	600.0									
CellOracle_donor_module_effects	canonical_rows_present	RFXANK															OE	astrocyte_maturation_metabolic_support	BRC2330	0.0101230269625939	600.0									
CellOracle_donor_module_effects	canonical_rows_present	RFXANK															OE	astrocyte_maturation_metabolic_support	HDBR15777	0.0067959834909519	900.0									
CellOracle_donor_module_effects	canonical_rows_present	RFXANK															OE	astrocyte_maturation_metabolic_support	HDBR15853	0.0069828881265795	900.0									
CellOracle_donor_module_effects	canonical_rows_present	RFXANK															OE	astrocyte_maturation_metabolic_support	XDD395	0.0090986085615166	708.0									
CellOracle_donor_module_effects	canonical_rows_present	RFXANK															OE	astrocyte_maturation_metabolic_support	XDD424	0.0068239455340452	900.0									
CellOracle_donor_module_effects	canonical_rows_present	RFXANK															OE	astrocyte_maturation_metabolic_support	XDD431	0.0073511569160381	900.0									
CellOracle_donor_module_effects	canonical_rows_present	RFXANK															KO_RANDOMIZED_GRN	astrocyte_maturation_metabolic_support	BRC2256	0.0002217302252523	879.0									
CellOracle_donor_module_effects	canonical_rows_present	RFXANK															KO_RANDOMIZED_GRN	astrocyte_maturation_metabolic_support	BRC2329	0.0005768048194745	600.0									
CellOracle_donor_module_effects	canonical_rows_present	RFXANK															KO_RANDOMIZED_GRN	astrocyte_maturation_metabolic_support	BRC2330	0.0003827977190142	600.0									
CellOracle_donor_module_effects	canonical_rows_present	RFXANK															KO_RANDOMIZED_GRN	astrocyte_maturation_metabolic_support	HDBR15777	0.0002549567334937	900.0									
CellOracle_donor_module_effects	canonical_rows_present	RFXANK															KO_RANDOMIZED_GRN	astrocyte_maturation_metabolic_support	HDBR15853	0.0002701989138121	900.0									
CellOracle_donor_module_effects	canonical_rows_present	RFXANK															KO_RANDOMIZED_GRN	astrocyte_maturation_metabolic_support	XDD395	0.0002563593110122	708.0									
CellOracle_donor_module_effects	canonical_rows_present	RFXANK															KO_RANDOMIZED_GRN	astrocyte_maturation_metabolic_support	XDD424	0.0002284365290697	900.0									
CellOracle_donor_module_effects	canonical_rows_present	RFXANK															KO_RANDOMIZED_GRN	astrocyte_maturation_metabolic_support	XDD431	0.0001960482423238	900.0									
CellOracle_donor_module_effects	canonical_rows_present	RFXANK															KO	axon_guidance_neurite_outgrowth	BRC2256	0.0003900887942486	879.0									
CellOracle_donor_module_effects	canonical_rows_present	RFXANK															KO	axon_guidance_neurite_outgrowth	BRC2329	0.0005879370025944	600.0									
CellOracle_donor_module_effects	canonical_rows_present	RFXANK															KO	axon_guidance_neurite_outgrowth	BRC2330	0.0003653836659064	600.0									
CellOracle_donor_module_effects	canonical_rows_present	RFXANK															KO	axon_guidance_neurite_outgrowth	HDBR15777	0.0004678152152303	900.0									
CellOracle_donor_module_effects	canonical_rows_present	RFXANK															KO	axon_guidance_neurite_outgrowth	HDBR15853	0.0003902153684251	900.0									
CellOracle_donor_module_effects	canonical_rows_present	RFXANK															KO	axon_guidance_neurite_outgrowth	XDD395	0.0003180742047754	708.0									
CellOracle_donor_module_effects	canonical_rows_present	RFXANK															KO	axon_guidance_neurite_outgrowth	XDD424	0.0003843324108092	900.0									
CellOracle_donor_module_effects	canonical_rows_present	RFXANK															KO	axon_guidance_neurite_outgrowth	XDD431	0.0003765378936653	900.0									
CellOracle_donor_module_effects	canonical_rows_present	RFXANK															OE	axon_guidance_neurite_outgrowth	BRC2256	-0.0013894414708158	879.0									
CellOracle_donor_module_effects	canonical_rows_present	RFXANK															OE	axon_guidance_neurite_outgrowth	BRC2329	-0.0013608612552858	600.0									
CellOracle_donor_module_effects	canonical_rows_present	RFXANK															OE	axon_guidance_neurite_outgrowth	BRC2330	-0.0016902158389618	600.0									
CellOracle_donor_module_effects	canonical_rows_present	RFXANK															OE	axon_guidance_neurite_outgrowth	HDBR15777	-0.0011643284184039	900.0									
CellOracle_donor_module_effects	canonical_rows_present	RFXANK															OE	axon_guidance_neurite_outgrowth	HDBR15853	-0.0013012370382321	900.0									
CellOracle_donor_module_effects	canonical_rows_present	RFXANK															OE	axon_guidance_neurite_outgrowth	XDD395	-0.0016190259320743	708.0									
CellOracle_donor_module_effects	canonical_rows_present	RFXANK															OE	axon_guidance_neurite_outgrowth	XDD424	-0.0013105875456397	900.0									
CellOracle_donor_module_effects	canonical_rows_present	RFXANK															OE	axon_guidance_neurite_outgrowth	XDD431	-0.0013679023277362	900.0									
CellOracle_donor_module_effects	canonical_rows_present	RFXANK															KO_RANDOMIZED_GRN	axon_guidance_neurite_outgrowth	BRC2256	8.084258708282503e-05	879.0									
CellOracle_donor_module_effects	canonical_rows_present	RFXANK															KO_RANDOMIZED_GRN	axon_guidance_neurite_outgrowth	BRC2329	0.0004953366396667	600.0									
CellOracle_donor_module_effects	canonical_rows_present	RFXANK															KO_RANDOMIZED_GRN	axon_guidance_neurite_outgrowth	BRC2330	0.0003469468191893	600.0									
CellOracle_donor_module_effects	canonical_rows_present	RFXANK															KO_RANDOMIZED_GRN	axon_guidance_neurite_outgrowth	HDBR15777	7.89738405054032e-05	900.0									
CellOracle_donor_module_effects	canonical_rows_present	RFXANK															KO_RANDOMIZED_GRN	axon_guidance_neurite_outgrowth	HDBR15853	0.0001304537595874	900.0									
CellOracle_donor_module_effects	canonical_rows_present	RFXANK															KO_RANDOMIZED_GRN	axon_guidance_neurite_outgrowth	XDD395	0.0001820274013804	708.0									
CellOracle_donor_module_effects	canonical_rows_present	RFXANK															KO_RANDOMIZED_GRN	axon_guidance_neurite_outgrowth	XDD424	3.774565412662248e-05	900.0									
CellOracle_donor_module_effects	canonical_rows_present	RFXANK															KO_RANDOMIZED_GRN	axon_guidance_neurite_outgrowth	XDD431	3.628527941031128e-05	900.0									
CellOracle_donor_module_effects	canonical_rows_present	RFXANK															KO	neurogenesis_migration_layering	BRC2256	-6.43453467180853e-05	879.0									
CellOracle_donor_module_effects	canonical_rows_present	RFXANK															KO	neurogenesis_migration_layering	BRC2329	0.0005417358661552	600.0									
CellOracle_donor_module_effects	canonical_rows_present	RFXANK															KO	neurogenesis_migration_layering	BRC2330	7.96977845671884e-05	600.0									
CellOracle_donor_module_effects	canonical_rows_present	RFXANK															KO	neurogenesis_migration_layering	HDBR15777	9.18366501022968e-05	900.0									
CellOracle_donor_module_effects	canonical_rows_present	RFXANK															KO	neurogenesis_migration_layering	HDBR15853	0.0002307427275468	900.0									
CellOracle_donor_module_effects	canonical_rows_present	RFXANK															KO	neurogenesis_migration_layering	XDD395	5.613583390071316e-05	708.0									
CellOracle_donor_module_effects	canonical_rows_present	RFXANK															KO	neurogenesis_migration_layering	XDD424	0.0002420045018787	900.0									
CellOracle_donor_module_effects	canonical_rows_present	RFXANK															KO	neurogenesis_migration_layering	XDD431	1.0053810731245675e-05	900.0									
CellOracle_donor_module_effects	canonical_rows_present	RFXANK															OE	neurogenesis_migration_layering	BRC2256	-0.0013946969594834	879.0									
CellOracle_donor_module_effects	canonical_rows_present	RFXANK															OE	neurogenesis_migration_layering	BRC2329	-0.0018625274464626	600.0									
CellOracle_donor_module_effects	canonical_rows_present	RFXANK															OE	neurogenesis_migration_layering	BRC2330	-0.0022930000182582	600.0									
CellOracle_donor_module_effects	canonical_rows_present	RFXANK															OE	neurogenesis_migration_layering	HDBR15777	-0.0012139374439472	900.0									
CellOracle_donor_module_effects	canonical_rows_present	RFXANK															OE	neurogenesis_migration_layering	HDBR15853	-0.0010377262868001	900.0									
CellOracle_donor_module_effects	canonical_rows_present	RFXANK															OE	neurogenesis_migration_layering	XDD395	-0.0017983878187794	708.0									
CellOracle_donor_module_effects	canonical_rows_present	RFXANK															OE	neurogenesis_migration_layering	XDD424	-0.0010145663556813	900.0									
CellOracle_donor_module_effects	canonical_rows_present	RFXANK															OE	neurogenesis_migration_layering	XDD431	-0.0012776262167608	900.0									
CellOracle_donor_module_effects	canonical_rows_present	RFXANK															KO_RANDOMIZED_GRN	neurogenesis_migration_layering	BRC2256	9.727068320821126e-05	879.0									
CellOracle_donor_module_effects	canonical_rows_present	RFXANK															KO_RANDOMIZED_GRN	neurogenesis_migration_layering	BRC2329	-0.0001385707434371	600.0									
CellOracle_donor_module_effects	canonical_rows_present	RFXANK															KO_RANDOMIZED_GRN	neurogenesis_migration_layering	BRC2330	-0.0001653663477667	600.0									
CellOracle_donor_module_effects	canonical_rows_present	RFXANK															KO_RANDOMIZED_GRN	neurogenesis_migration_layering	HDBR15777	0.0001546712511092	900.0									
CellOracle_donor_module_effects	canonical_rows_present	RFXANK															KO_RANDOMIZED_GRN	neurogenesis_migration_layering	HDBR15853	6.475730611436621e-05	900.0									
CellOracle_donor_module_effects	canonical_rows_present	RFXANK															KO_RANDOMIZED_GRN	neurogenesis_migration_layering	XDD395	-2.3011628322814724e-05	708.0									
CellOracle_donor_module_effects	canonical_rows_present	RFXANK															KO_RANDOMIZED_GRN	neurogenesis_migration_layering	XDD424	0.000160968847635	900.0									
CellOracle_donor_module_effects	canonical_rows_present	RFXANK															KO_RANDOMIZED_GRN	neurogenesis_migration_layering	XDD431	0.0001377414769056	900.0									
CellOracle_donor_module_effects	canonical_rows_present	RFXANK															KO	oligodendrocyte_myelination	BRC2256	-0.0004809771457817	879.0									
CellOracle_donor_module_effects	canonical_rows_present	RFXANK															KO	oligodendrocyte_myelination	BRC2329	-0.0001204752197819	600.0									
CellOracle_donor_module_effects	canonical_rows_present	RFXANK															KO	oligodendrocyte_myelination	BRC2330	-0.0001162655692509	600.0									
CellOracle_donor_module_effects	canonical_rows_present	RFXANK															KO	oligodendrocyte_myelination	HDBR15777	-0.0005545909400762	900.0									
CellOracle_donor_module_effects	canonical_rows_present	RFXANK															KO	oligodendrocyte_myelination	HDBR15853	-0.0003189751665409	900.0									
CellOracle_donor_module_effects	canonical_rows_present	RFXANK															KO	oligodendrocyte_myelination	XDD395	-0.00014733592513	708.0									
CellOracle_donor_module_effects	canonical_rows_present	RFXANK															KO	oligodendrocyte_myelination	XDD424	-0.0001518154076017	900.0									
CellOracle_donor_module_effects	canonical_rows_present	RFXANK															KO	oligodendrocyte_myelination	XDD431	-0.0003140454369952	900.0									
CellOracle_donor_module_effects	canonical_rows_present	RFXANK															OE	oligodendrocyte_myelination	BRC2256	0.0010087695528468	879.0									
CellOracle_donor_module_effects	canonical_rows_present	RFXANK															OE	oligodendrocyte_myelination	BRC2329	0.000440193052754	600.0									
CellOracle_donor_module_effects	canonical_rows_present	RFXANK															OE	oligodendrocyte_myelination	BRC2330	0.0004663350549268	600.0									
CellOracle_donor_module_effects	canonical_rows_present	RFXANK															OE	oligodendrocyte_myelination	HDBR15777	0.000956999317263	900.0									
CellOracle_donor_module_effects	canonical_rows_present	RFXANK															OE	oligodendrocyte_myelination	HDBR15853	0.0012931683455032	900.0									
CellOracle_donor_module_effects	canonical_rows_present	RFXANK															OE	oligodendrocyte_myelination	XDD395	0.0011072451673835	708.0									
CellOracle_donor_module_effects	canonical_rows_present	RFXANK															OE	oligodendrocyte_myelination	XDD424	0.0015387965557542	900.0									
CellOracle_donor_module_effects	canonical_rows_present	RFXANK															OE	oligodendrocyte_myelination	XDD431	0.0011202191737479	900.0									
CellOracle_donor_module_effects	canonical_rows_present	RFXANK															KO_RANDOMIZED_GRN	oligodendrocyte_myelination	BRC2256	8.221566832065409e-05	879.0									
CellOracle_donor_module_effects	canonical_rows_present	RFXANK															KO_RANDOMIZED_GRN	oligodendrocyte_myelination	BRC2329	0.0004278477153053	600.0									
CellOracle_donor_module_effects	canonical_rows_present	RFXANK															KO_RANDOMIZED_GRN	oligodendrocyte_myelination	BRC2330	0.0001793209936469	600.0									
CellOracle_donor_module_effects	canonical_rows_present	RFXANK															KO_RANDOMIZED_GRN	oligodendrocyte_myelination	HDBR15777	0.0001492201262388	900.0									
CellOracle_donor_module_effects	canonical_rows_present	RFXANK															KO_RANDOMIZED_GRN	oligodendrocyte_myelination	HDBR15853	0.0002033591869101	900.0									
CellOracle_donor_module_effects	canonical_rows_present	RFXANK															KO_RANDOMIZED_GRN	oligodendrocyte_myelination	XDD395	0.0001426235323498	708.0									
CellOracle_donor_module_effects	canonical_rows_present	RFXANK															KO_RANDOMIZED_GRN	oligodendrocyte_myelination	XDD424	0.0001940461718197	900.0									
CellOracle_donor_module_effects	canonical_rows_present	RFXANK															KO_RANDOMIZED_GRN	oligodendrocyte_myelination	XDD431	0.0001039695317727	900.0									
CellOracle_donor_module_effects	canonical_rows_present	RFXANK															KO	patterning_arealization	BRC2256	-0.0005941633090872	879.0									
CellOracle_donor_module_effects	canonical_rows_present	RFXANK															KO	patterning_arealization	BRC2329	-0.0015059047320717	600.0									
CellOracle_donor_module_effects	canonical_rows_present	RFXANK															KO	patterning_arealization	BRC2330	-0.0010046438383808	600.0									
CellOracle_donor_module_effects	canonical_rows_present	RFXANK															KO	patterning_arealization	HDBR15777	-0.0006730231687088	900.0									
CellOracle_donor_module_effects	canonical_rows_present	RFXANK															KO	patterning_arealization	HDBR15853	-0.0007261707293479	900.0									
CellOracle_donor_module_effects	canonical_rows_present	RFXANK															KO	patterning_arealization	XDD395	-0.0007365103833515	708.0									
CellOracle_donor_module_effects	canonical_rows_present	RFXANK															KO	patterning_arealization	XDD424	-0.0005170771848625	900.0									
CellOracle_donor_module_effects	canonical_rows_present	RFXANK															KO	patterning_arealization	XDD431	-0.0005420593442974	900.0									
CellOracle_donor_module_effects	canonical_rows_present	RFXANK															OE	patterning_arealization	BRC2256	0.0031422502384215	879.0									
CellOracle_donor_module_effects	canonical_rows_present	RFXANK															OE	patterning_arealization	BRC2329	0.0038042004969341	600.0									
CellOracle_donor_module_effects	canonical_rows_present	RFXANK															OE	patterning_arealization	BRC2330	0.0042542995964365	600.0									
CellOracle_donor_module_effects	canonical_rows_present	RFXANK															OE	patterning_arealization	HDBR15777	0.0029861148627514	900.0									
CellOracle_donor_module_effects	canonical_rows_present	RFXANK															OE	patterning_arealization	HDBR15853	0.0030437040208107	900.0									
CellOracle_donor_module_effects	canonical_rows_present	RFXANK															OE	patterning_arealization	XDD395	0.0038469897073357	708.0									
CellOracle_donor_module_effects	canonical_rows_present	RFXANK															OE	patterning_arealization	XDD424	0.0030775481687397	900.0									
CellOracle_donor_module_effects	canonical_rows_present	RFXANK															OE	patterning_arealization	XDD431	0.0031542538168454	900.0									
CellOracle_donor_module_effects	canonical_rows_present	RFXANK															KO_RANDOMIZED_GRN	patterning_arealization	BRC2256	0.0003507225979975	879.0									
CellOracle_donor_module_effects	canonical_rows_present	RFXANK															KO_RANDOMIZED_GRN	patterning_arealization	BRC2329	0.0002890386693091	600.0									
CellOracle_donor_module_effects	canonical_rows_present	RFXANK															KO_RANDOMIZED_GRN	patterning_arealization	BRC2330	0.0001246127183469	600.0									
CellOracle_donor_module_effects	canonical_rows_present	RFXANK															KO_RANDOMIZED_GRN	patterning_arealization	HDBR15777	0.0004407478688401	900.0									
CellOracle_donor_module_effects	canonical_rows_present	RFXANK															KO_RANDOMIZED_GRN	patterning_arealization	HDBR15853	0.0003132264610045	900.0									
CellOracle_donor_module_effects	canonical_rows_present	RFXANK															KO_RANDOMIZED_GRN	patterning_arealization	XDD395	0.0002053463181466	708.0									
CellOracle_donor_module_effects	canonical_rows_present	RFXANK															KO_RANDOMIZED_GRN	patterning_arealization	XDD424	0.0003801261400739	900.0									
CellOracle_donor_module_effects	canonical_rows_present	RFXANK															KO_RANDOMIZED_GRN	patterning_arealization	XDD431	0.0003698855078963	900.0									
CellOracle_donor_module_effects	canonical_rows_present	RFXANK															KO	progenitor_radial_glia	BRC2256	-0.0012213959862997	879.0									
CellOracle_donor_module_effects	canonical_rows_present	RFXANK															KO	progenitor_radial_glia	BRC2329	-0.0025217738394061	600.0									
CellOracle_donor_module_effects	canonical_rows_present	RFXANK															KO	progenitor_radial_glia	BRC2330	-0.0013545638666554	600.0									
CellOracle_donor_module_effects	canonical_rows_present	RFXANK															KO	progenitor_radial_glia	HDBR15777	-0.0015856963114892	900.0									
CellOracle_donor_module_effects	canonical_rows_present	RFXANK															KO	progenitor_radial_glia	HDBR15853	-0.0014987465548484	900.0									
CellOracle_donor_module_effects	canonical_rows_present	RFXANK															KO	progenitor_radial_glia	XDD395	-0.0011194250086192	708.0									
CellOracle_donor_module_effects	canonical_rows_present	RFXANK															KO	progenitor_radial_glia	XDD424	-0.0014458148581088	900.0									
CellOracle_donor_module_effects	canonical_rows_present	RFXANK															KO	progenitor_radial_glia	XDD431	-0.0012261719129289	900.0									
CellOracle_donor_module_effects	canonical_rows_present	RFXANK															OE	progenitor_radial_glia	BRC2256	0.0060715881599195	879.0									
CellOracle_donor_module_effects	canonical_rows_present	RFXANK															OE	progenitor_radial_glia	BRC2329	0.0068654785251881	600.0									
CellOracle_donor_module_effects	canonical_rows_present	RFXANK															OE	progenitor_radial_glia	BRC2330	0.0080156160522572	600.0									
CellOracle_donor_module_effects	canonical_rows_present	RFXANK															OE	progenitor_radial_glia	HDBR15777	0.0056037730447404	900.0									
CellOracle_donor_module_effects	canonical_rows_present	RFXANK															OE	progenitor_radial_glia	HDBR15853	0.0057070107754603	900.0									
CellOracle_donor_module_effects	canonical_rows_present	RFXANK															OE	progenitor_radial_glia	XDD395	0.0072442432110205	708.0									
CellOracle_donor_module_effects	canonical_rows_present	RFXANK															OE	progenitor_radial_glia	XDD424	0.0056456523448485	900.0									
CellOracle_donor_module_effects	canonical_rows_present	RFXANK															OE	progenitor_radial_glia	XDD431	0.0059359387948252	900.0									
CellOracle_donor_module_effects	canonical_rows_present	RFXANK															KO_RANDOMIZED_GRN	progenitor_radial_glia	BRC2256	5.546147111072249e-05	879.0									
CellOracle_donor_module_effects	canonical_rows_present	RFXANK															KO_RANDOMIZED_GRN	progenitor_radial_glia	BRC2329	6.216452237807133e-06	600.0									
CellOracle_donor_module_effects	canonical_rows_present	RFXANK															KO_RANDOMIZED_GRN	progenitor_radial_glia	BRC2330	-1.651575533098024e-05	600.0									
CellOracle_donor_module_effects	canonical_rows_present	RFXANK															KO_RANDOMIZED_GRN	progenitor_radial_glia	HDBR15777	7.905783504904556e-05	900.0									
CellOracle_donor_module_effects	canonical_rows_present	RFXANK															KO_RANDOMIZED_GRN	progenitor_radial_glia	HDBR15853	4.407418003337228e-05	900.0									
CellOracle_donor_module_effects	canonical_rows_present	RFXANK															KO_RANDOMIZED_GRN	progenitor_radial_glia	XDD395	2.855932203739733e-05	708.0									
CellOracle_donor_module_effects	canonical_rows_present	RFXANK															KO_RANDOMIZED_GRN	progenitor_radial_glia	XDD424	7.733278721346534e-05	900.0									
CellOracle_donor_module_effects	canonical_rows_present	RFXANK															KO_RANDOMIZED_GRN	progenitor_radial_glia	XDD431	7.564276219693762e-05	900.0									
CellOracle_donor_module_effects	canonical_rows_present	RFXANK															KO	synaptic_assembly_receptor_trafficking	BRC2256	-0.0002071658124612	879.0									
CellOracle_donor_module_effects	canonical_rows_present	RFXANK															KO	synaptic_assembly_receptor_trafficking	BRC2329	0.0010380027644446	600.0									
CellOracle_donor_module_effects	canonical_rows_present	RFXANK															KO	synaptic_assembly_receptor_trafficking	BRC2330	0.0001203928752608	600.0									
CellOracle_donor_module_effects	canonical_rows_present	RFXANK															KO	synaptic_assembly_receptor_trafficking	HDBR15777	6.438537341444616e-05	900.0									
CellOracle_donor_module_effects	canonical_rows_present	RFXANK															KO	synaptic_assembly_receptor_trafficking	HDBR15853	0.0003906527829813	900.0									
CellOracle_donor_module_effects	canonical_rows_present	RFXANK															KO	synaptic_assembly_receptor_trafficking	XDD395	6.735167096673032e-05	708.0									
CellOracle_donor_module_effects	canonical_rows_present	RFXANK															KO	synaptic_assembly_receptor_trafficking	XDD424	0.0003910221849522	900.0									
CellOracle_donor_module_effects	canonical_rows_present	RFXANK															KO	synaptic_assembly_receptor_trafficking	XDD431	-6.118759148463855e-05	900.0									
CellOracle_donor_module_effects	canonical_rows_present	RFXANK															OE	synaptic_assembly_receptor_trafficking	BRC2256	-0.0026536723400395	879.0									
CellOracle_donor_module_effects	canonical_rows_present	RFXANK															OE	synaptic_assembly_receptor_trafficking	BRC2329	-0.0034851821246894	600.0									
CellOracle_donor_module_effects	canonical_rows_present	RFXANK															OE	synaptic_assembly_receptor_trafficking	BRC2330	-0.0044309486241975	600.0									
CellOracle_donor_module_effects	canonical_rows_present	RFXANK															OE	synaptic_assembly_receptor_trafficking	HDBR15777	-0.0021347839021077	900.0									
CellOracle_donor_module_effects	canonical_rows_present	RFXANK															OE	synaptic_assembly_receptor_trafficking	HDBR15853	-0.0018133937329826	900.0									
CellOracle_donor_module_effects	canonical_rows_present	RFXANK															OE	synaptic_assembly_receptor_trafficking	XDD395	-0.0034304624938846	708.0									
CellOracle_donor_module_effects	canonical_rows_present	RFXANK															OE	synaptic_assembly_receptor_trafficking	XDD424	-0.0017251194231674	900.0									
CellOracle_donor_module_effects	canonical_rows_present	RFXANK															OE	synaptic_assembly_receptor_trafficking	XDD431	-0.002373760641509	900.0									
CellOracle_donor_module_effects	canonical_rows_present	RFXANK															KO_RANDOMIZED_GRN	synaptic_assembly_receptor_trafficking	BRC2256	0.0002231660360378	879.0									
CellOracle_donor_module_effects	canonical_rows_present	RFXANK															KO_RANDOMIZED_GRN	synaptic_assembly_receptor_trafficking	BRC2329	0.0003933889728975	600.0									
CellOracle_donor_module_effects	canonical_rows_present	RFXANK															KO_RANDOMIZED_GRN	synaptic_assembly_receptor_trafficking	BRC2330	0.0002428141469007	600.0									
CellOracle_donor_module_effects	canonical_rows_present	RFXANK															KO_RANDOMIZED_GRN	synaptic_assembly_receptor_trafficking	HDBR15777	0.0002688099958469	900.0									
CellOracle_donor_module_effects	canonical_rows_present	RFXANK															KO_RANDOMIZED_GRN	synaptic_assembly_receptor_trafficking	HDBR15853	0.0002466774095054	900.0									
CellOracle_donor_module_effects	canonical_rows_present	RFXANK															KO_RANDOMIZED_GRN	synaptic_assembly_receptor_trafficking	XDD395	0.0001975376470188	708.0									
CellOracle_donor_module_effects	canonical_rows_present	RFXANK															KO_RANDOMIZED_GRN	synaptic_assembly_receptor_trafficking	XDD424	0.00022864220851	900.0									
CellOracle_donor_module_effects	canonical_rows_present	RFXANK															KO_RANDOMIZED_GRN	synaptic_assembly_receptor_trafficking	XDD431	0.0001935707314457	900.0									
CellOracle_donor_module_effects	canonical_rows_present	RFXANK															KO	synaptic_membrane_structural_candidates	BRC2256	-9.284587917425416e-05	879.0									
CellOracle_donor_module_effects	canonical_rows_present	RFXANK															KO	synaptic_membrane_structural_candidates	BRC2329	0.001416500195026	600.0									
CellOracle_donor_module_effects	canonical_rows_present	RFXANK															KO	synaptic_membrane_structural_candidates	BRC2330	0.0003437289780776	600.0									
CellOracle_donor_module_effects	canonical_rows_present	RFXANK															KO	synaptic_membrane_structural_candidates	HDBR15777	0.0002146867312271	900.0									
CellOracle_donor_module_effects	canonical_rows_present	RFXANK															KO	synaptic_membrane_structural_candidates	HDBR15853	0.0005669859658515	900.0									
CellOracle_donor_module_effects	canonical_rows_present	RFXANK															KO	synaptic_membrane_structural_candidates	XDD395	0.0002174920226231	708.0									
CellOracle_donor_module_effects	canonical_rows_present	RFXANK															KO	synaptic_membrane_structural_candidates	XDD424	0.0005304713507281	900.0									
CellOracle_donor_module_effects	canonical_rows_present	RFXANK															KO	synaptic_membrane_structural_candidates	XDD431	4.503799390648634e-05	900.0									
CellOracle_donor_module_effects	canonical_rows_present	RFXANK															OE	synaptic_membrane_structural_candidates	BRC2256	-0.0034111563615119	879.0									
CellOracle_donor_module_effects	canonical_rows_present	RFXANK															OE	synaptic_membrane_structural_candidates	BRC2329	-0.0043789984636176	600.0									
CellOracle_donor_module_effects	canonical_rows_present	RFXANK															OE	synaptic_membrane_structural_candidates	BRC2330	-0.0055413008709195	600.0									
CellOracle_donor_module_effects	canonical_rows_present	RFXANK															OE	synaptic_membrane_structural_candidates	HDBR15777	-0.0028202079683348	900.0									
CellOracle_donor_module_effects	canonical_rows_present	RFXANK															OE	synaptic_membrane_structural_candidates	HDBR15853	-0.0024585424193539	900.0									
CellOracle_donor_module_effects	canonical_rows_present	RFXANK															OE	synaptic_membrane_structural_candidates	XDD395	-0.0044266793061701	708.0									
CellOracle_donor_module_effects	canonical_rows_present	RFXANK															OE	synaptic_membrane_structural_candidates	XDD424	-0.0022802496716503	900.0									
CellOracle_donor_module_effects	canonical_rows_present	RFXANK															OE	synaptic_membrane_structural_candidates	XDD431	-0.0030708075727037	900.0									
CellOracle_donor_module_effects	canonical_rows_present	RFXANK															KO_RANDOMIZED_GRN	synaptic_membrane_structural_candidates	BRC2256	0.0002138939574406	879.0									
CellOracle_donor_module_effects	canonical_rows_present	RFXANK															KO_RANDOMIZED_GRN	synaptic_membrane_structural_candidates	BRC2329	0.0005001675535297	600.0									
CellOracle_donor_module_effects	canonical_rows_present	RFXANK															KO_RANDOMIZED_GRN	synaptic_membrane_structural_candidates	BRC2330	0.0003008172397184	600.0									
CellOracle_donor_module_effects	canonical_rows_present	RFXANK															KO_RANDOMIZED_GRN	synaptic_membrane_structural_candidates	HDBR15777	0.0002613273558555	900.0									
CellOracle_donor_module_effects	canonical_rows_present	RFXANK															KO_RANDOMIZED_GRN	synaptic_membrane_structural_candidates	HDBR15853	0.0002588422076373	900.0									
CellOracle_donor_module_effects	canonical_rows_present	RFXANK															KO_RANDOMIZED_GRN	synaptic_membrane_structural_candidates	XDD395	0.0002205088849688	708.0									
CellOracle_donor_module_effects	canonical_rows_present	RFXANK															KO_RANDOMIZED_GRN	synaptic_membrane_structural_candidates	XDD424	0.0002216502381034	900.0									
CellOracle_donor_module_effects	canonical_rows_present	RFXANK															KO_RANDOMIZED_GRN	synaptic_membrane_structural_candidates	XDD431	0.0001995221402297	900.0									
matched_random_TF_controls	canonical_rows_present																					NKX2-2	HOXA3	1.0	0.0862689838734928	0.0859558478158758	0.0501017692187251	0.0477532487865974		
matched_random_TF_controls	canonical_rows_present																					NKX2-2	BHLHE22	2.0	0.0862689838734928	0.0892437764208547	0.0501017692187251	0.0508846093627677		
matched_random_TF_controls	canonical_rows_present																					NKX2-2	IRX5	3.0	0.0862689838734928	0.0845467355565991	0.0501017692187251	0.0530765617660869		
matched_random_TF_controls	canonical_rows_present																					NKX2-2	NHLH1	4.0	0.0862689838734928	0.0912791607953654	0.0501017692187251	0.0535462658525124		
matched_random_TF_controls	canonical_rows_present																					NKX2-2	FANK1	5.0	0.0862689838734928	0.079693126663535	0.0501017692187251	0.0486926569594485		
matched_random_TF_controls	canonical_rows_present																					RFX5	ZNF350	1.0	0.0253640206669798	0.0258337247534053	0.0216063879755753	0.0217629560043839		
matched_random_TF_controls	canonical_rows_present																					RFX5	ZNF202	2.0	0.0253640206669798	0.0248943165805542	0.0216063879755753	0.0212932519179583		
matched_random_TF_controls	canonical_rows_present																					RFX5	ZNF205	3.0	0.0253640206669798	0.0261468608110223	0.0216063879755753	0.0217629560043839		
matched_random_TF_controls	canonical_rows_present																					RFX5	ZNF506	4.0	0.0253640206669798	0.0259902927822138	0.0216063879755753	0.0222326600908094		
matched_random_TF_controls	canonical_rows_present																					RFX5	ZIK1	5.0	0.0253640206669798	0.0256771567245968	0.0216063879755753	0.0205104117739157		
scTenifoldKnk_status	canonical_rows_present	NKX2-2																											PASS	22.0
scTenifoldKnk_status	canonical_rows_present	RFX5																											PASS	12.0
scTenifoldKnk_status	canonical_rows_present	RFXANK																											PASS	8.0
scTenifoldKnk_status	canonical_rows_present	HOXA3																											PASS	4.0
scTenifoldKnk_status	canonical_rows_present	BHLHE22																											PASS	12.0
scTenifoldKnk_status	canonical_rows_present	IRX5																											PASS	8.0
scTenifoldKnk_status	canonical_rows_present	NHLH1																											PASS	7.0
scTenifoldKnk_status	canonical_rows_present	FANK1																											PASS	8.0
scTenifoldKnk_status	canonical_rows_present	ZNF350																											PASS	8.0
scTenifoldKnk_status	canonical_rows_present	ZNF202																											PASS	5.0
scTenifoldKnk_status	canonical_rows_present	ZNF205																											PASS	11.0
scTenifoldKnk_status	canonical_rows_present	ZNF506																											PASS	9.0
scTenifoldKnk_status	canonical_rows_present	ZIK1																											PASS	28.0
