DTHI_map	external_map	external_family	spearman_rho	bijective_p_spin_two_sided	bijective_q_BH_global160	bijective_q_BH_family80	bijective_p_maxT_global160	bijective_p_maxT_family80	nonbijective_spearman_rho	nonbijective_p_spin_two_sided	nonbijective_q_BH_global160	nonbijective_q_BH_family80	nonbijective_p_maxT_global160	nonbijective_p_maxT_family80	bijective_high_support_spearman_rho	bijective_high_support_p_spin_two_sided	bijective_high_support_q_BH_sensitivity160	nonbijective_high_support_spearman_rho	nonbijective_high_support_p_spin_two_sided	nonbijective_high_support_q_BH_sensitivity160	LODO_mean_rho	LODO_median_rho	LODO_minimum_rho	LODO_maximum_rho	LODO_standard_deviation	minimum_absolute_LODO_rho	maximum_absolute_delta_from_primary	sign_concordant_omissions	sign_concordant_fraction	all_five_direction_concordant	LODO_stability_class	observed_rho_matches_nonbijective	nonbijective_any_corrected	bijective_any_corrected	bijective_global_maxT_significant	bijective_family_maxT_significant	bijective_global_BH_significant	bijective_family_BH_significant	bijective_high_support_BH_significant	LH46_direction_concordant	LH46_rho_delta_from_LH49	evidence_class	high_support_class	integrated_evidence_statement	priority_for_reporting	rank_global_maxT	evidence_tier	evidence_tier_order	evidence_tier_label	corrected_evidence_subclass	effect_direction	effect_magnitude	manuscript_term	reporting_permission	locked_priority_association	LODO_5of5_direction_concordant	LODO_rho_min	LODO_rho_max	LH46_BH_supported	manuscript_safe_sentence	causal_interpretation_allowed	independent_replication_claim_allowed	LH46_interpretation
synaptic_assembly_receptor_trafficking	clinical_asd	clinical	-0.6542504371245565	0.0014998500149985	0.05999400059994	0.02999700029997	0.0186981301869813	0.0138986101389861	-0.6542504371245567	0.000999900009999	0.03999600039996	0.01999800019998	0.0741925807419258	0.0448955104489551	-0.6532412311467587	0.0013998600139986	0.0703929607039296	-0.6532412311467589	0.0014998500149985	0.063993600639936	-0.547545670776493	-0.5308704997538517	-0.7033370788741918	-0.4269823473606527	0.1096248166546973	0.4269823473606527	0.2272680897639039	5	1.0	True	direction_stable_high_effect_variation	True	True	True	True	True	False	True	False	True	0.0010092059777978	global_FWER_bijective	LH46_nominal_only	global_FWER_bijective;LODO_5of5_direction;LH46_nominal_only	True	1.0	Tier1_global_FWER	1	Tier 1 — global familywise-error-controlled evidence	global_maxT_FWER	negative	large	primary global-FWER-supported spatial association	main_text_primary_result	True	True	-0.7033370788741918	-0.4269823473606527	False	The synaptic assembly receptor trafficking map showed a negative spatial association with clinical asd (Spearman rho=-0.654) that survived exact-bijective global maxT correction.	False	False	no_nested_LH46_BH_FDR_support
axon_guidance_neurite_outgrowth	clinical_depression	clinical	-0.573265306122449	0.0014998500149985	0.05999400059994	0.02999700029997	0.1694830516948305	0.1121887811218878	-0.573265306122449	0.0034996500349965	0.09332400093324	0.055994400559944	0.4237576242375762	0.2843715628437156	-0.559050262102991	0.0020997900209979	0.0703929607039296	-0.559050262102991	0.0048995100489951	0.130653601306536	-0.5057142857142857	-0.5238775510204081	-0.5393877551020407	-0.4398979591836734	0.0404642339283131	0.4398979591836734	0.1333673469387755	5	1.0	True	direction_stable_moderate_effect_variation	True	False	True	False	False	False	True	False	True	0.0142150440194579	family_FDR_bijective	LH46_nominal_only	family_FDR_bijective;LODO_5of5_direction;LH46_nominal_only	True	2.0	Tier2_family_corrected	2	Tier 2 — family-level corrected evidence	family_BH_FDR	negative	moderate	secondary family-level corrected spatial association	main_text_secondary_result	True	True	-0.5393877551020407	-0.4398979591836734	False	The axon guidance neurite outgrowth map showed a negative spatial association with clinical depression (Spearman rho=-0.573) that retained family-level corrected support but not global familywise-error control.	False	False	no_nested_LH46_BH_FDR_support
patterning_arealization	clinical_asd	clinical	-0.5376058809502674	0.0006999300069993	0.055994400559944	0.027997200279972	0.3392660733926607	0.2260773922607739	-0.5376058809502674	0.0005999400059994	0.03999600039996	0.01999800019998	0.6653334666533347	0.4900509949005099	-0.55344477075629	0.0010998900109989	0.0703929607039296	-0.55344477075629	0.0014998500149985	0.063993600639936	-0.471272581288598	-0.4892335978123732	-0.6299622443253607	-0.267578325712149	0.1318539215652394	0.267578325712149	0.2700275552381183	5	1.0	True	direction_stable_high_effect_variation	True	True	True	False	False	False	True	False	True	-0.0158388898060225	family_FDR_bijective	LH46_nominal_only	family_FDR_bijective;LODO_5of5_direction;LH46_nominal_only	True	3.0	Tier2_family_corrected	2	Tier 2 — family-level corrected evidence	family_BH_FDR	negative	moderate	secondary family-level corrected spatial association	main_text_secondary_result	True	True	-0.6299622443253607	-0.267578325712149	False	The patterning arealization map showed a negative spatial association with clinical asd (Spearman rho=-0.538) that retained family-level corrected support but not global familywise-error control.	False	False	no_nested_LH46_BH_FDR_support
synaptic_membrane_structural_candidates	clinical_asd	clinical	-0.4804571920109832	0.0018998100189981	0.0607939206079392	0.0303969603039696	0.6987301269873013	0.5113488651134886	-0.480457192010983	0.0003999600039996	0.03999600039996	0.01999800019998	0.9332066793320668	0.8292170782921707	-0.4744957786056101	0.0021997800219978	0.0703929607039296	-0.4744957786056101	0.0006999300069993	0.063993600639936	-0.4020818471799646	-0.3797326277554945	-0.6139402011763114	-0.0704153488716181	0.2141989564746533	0.0704153488716181	0.4100418431393648	5	1.0	True	direction_stable_high_effect_variation	True	True	True	False	False	False	True	False	True	0.005961413405373	family_FDR_bijective	LH46_nominal_only	family_FDR_bijective;LODO_5of5_direction;LH46_nominal_only	True	5.0	Tier2_family_corrected	2	Tier 2 — family-level corrected evidence	family_BH_FDR	negative	moderate	secondary family-level corrected spatial association	main_text_secondary_result	True	True	-0.6139402011763114	-0.0704153488716181	False	The synaptic membrane structural candidates map showed a negative spatial association with clinical asd (Spearman rho=-0.480) that retained family-level corrected support but not global familywise-error control.	False	False	no_nested_LH46_BH_FDR_support
synaptic_membrane_structural_candidates	clinical_depression	clinical	-0.516734693877551	0.0004999500049995	0.055994400559944	0.027997200279972	0.4701529847015298	0.3197680231976802	-0.5167346938775509	0.000999900009999	0.03999600039996	0.01999800019998	0.7903209679032097	0.6253374662533746	-0.4931853222325006	0.0014998500149985	0.0703929607039296	-0.4931853222325008	0.001999800019998	0.063993600639936	-0.432734693877551	-0.5257142857142857	-0.5468367346938775	-0.2811224489795917	0.1376391878154278	0.2811224489795917	0.2356122448979591	5	1.0	True	direction_stable_high_effect_variation	True	True	True	False	False	False	True	False	True	0.0235493716450503	family_FDR_bijective	LH46_nominal_only	family_FDR_bijective;LODO_5of5_direction;LH46_nominal_only	True	4.0	Tier2_family_corrected	2	Tier 2 — family-level corrected evidence	family_BH_FDR	negative	moderate	secondary family-level corrected spatial association	main_text_secondary_result	True	True	-0.5468367346938775	-0.2811224489795917	False	The synaptic membrane structural candidates map showed a negative spatial association with clinical depression (Spearman rho=-0.517) that retained family-level corrected support but not global familywise-error control.	False	False	no_nested_LH46_BH_FDR_support
axon_guidance_neurite_outgrowth	clinical_bipolar	clinical	-0.375	0.0463953604639536	0.421291204212912	0.3711628837116288	0.9974002599740026	0.9686031396860314	-0.375	0.0813918608139186	0.6511348865113489	0.5426124054261241	0.999900009999	0.9987001299870012	-0.3583718778908418	0.0612938706129387	0.4500419523265065	-0.3583718778908418	0.096990300969903	0.7027445403607787	-0.3238775510204081	-0.3649999999999999	-0.4317346938775509	-0.1060204081632653	0.1351730422591822	0.1060204081632653	0.2689795918367347	5	1.0	True	direction_stable_high_effect_variation	True	False	False	False	False	False	False	False	True	0.0166281221091582	bijective_nominal_only	LH46_direction_concordant_not_nominal	bijective_nominal_only;LODO_5of5_direction;LH46_direction_concordant_not_nominal	False	15.0	Tier3A_nominal	3	Tier 3A — nominal exact-bijective spatial correspondence	nominal_exact_bijective_spin	negative	small	nominal exploratory spatial correspondence	supplementary_or_explicitly_exploratory_only	False	True	-0.4317346938775509	-0.1060204081632653	False	The axon guidance neurite outgrowth–clinical bipolar correspondence was nominal under the exact-bijective spin test and is treated as exploratory.	False	False	no_nested_LH46_BH_FDR_support
neurogenesis_migration_layering	clinical_bipolar	clinical	0.426734693877551	0.0394960503949605	0.413958604139586	0.35107600351076	0.9422057794220576	0.8188181181881812	0.426734693877551	0.0750924907509249	0.6511348865113489	0.5426124054261241	0.9957004299570044	0.9702029797020298	0.3988282454517421	0.0590940905909409	0.4500419523265065	0.3988282454517422	0.0993900609939006	0.7027445403607787	0.4194285714285714	0.4271428571428571	0.3686734693877551	0.4485714285714285	0.0314128803926128	0.3686734693877551	0.0580612244897958	5	1.0	True	direction_and_effect_size_stable	True	False	False	False	False	False	False	False	True	-0.0279064484258088	bijective_nominal_only	LH46_direction_concordant_not_nominal	bijective_nominal_only;LODO_5of5_direction;LH46_direction_concordant_not_nominal	False	7.0	Tier3A_nominal	3	Tier 3A — nominal exact-bijective spatial correspondence	nominal_exact_bijective_spin	positive	moderate	nominal exploratory spatial correspondence	supplementary_or_explicitly_exploratory_only	False	True	0.3686734693877551	0.4485714285714285	False	The neurogenesis migration layering–clinical bipolar correspondence was nominal under the exact-bijective spin test and is treated as exploratory.	False	False	no_nested_LH46_BH_FDR_support
preliminary_maturation_balance	clinical_bipolar	clinical	0.3831632653061223	0.0270972902709729	0.413958604139586	0.3096833173825475	0.9937006299370064	0.9528047195280472	0.3831632653061223	0.0431956804319568	0.51994800519948	0.454954504549545	0.9998000199980002	0.9977002299770024	0.3234659266111624	0.0754924507549245	0.4588112617309698	0.3234659266111624	0.1136886311368863	0.7027445403607787	0.3213061224489795	0.3591836734693877	0.0651020408163265	0.4164285714285713	0.1465601591778124	0.0651020408163265	0.3180612244897958	5	1.0	True	direction_stable_high_effect_variation	True	False	False	False	False	False	False	False	True	-0.0596973386949599	bijective_nominal_only	LH46_direction_concordant_not_nominal	bijective_nominal_only;LODO_5of5_direction;LH46_direction_concordant_not_nominal	False	13.0	Tier3A_nominal	3	Tier 3A — nominal exact-bijective spatial correspondence	nominal_exact_bijective_spin	positive	small	nominal exploratory spatial correspondence	supplementary_or_explicitly_exploratory_only	False	True	0.0651020408163265	0.4164285714285713	False	The preliminary maturation balance–clinical bipolar correspondence was nominal under the exact-bijective spin test and is treated as exploratory.	False	False	no_nested_LH46_BH_FDR_support
preliminary_maturation_balance	clinical_depression	clinical	0.386938775510204	0.0215978402159784	0.383961603839616	0.287971202879712	0.9923007699230078	0.944905509449055	0.3869387755102039	0.0454954504549545	0.51994800519948	0.454954504549545	0.9997000299970004	0.997000299970003	0.4217699660807894	0.0152984701529847	0.3496793177825075	0.4217699660807893	0.0265973402659734	0.471952804719528	0.3468571428571428	0.3578571428571428	0.2861224489795918	0.3796938775510204	0.0376689170752136	0.2861224489795918	0.100816326530612	5	1.0	True	direction_stable_moderate_effect_variation	True	False	False	False	False	False	False	False	True	0.0348311905705854	bijective_nominal_only	LH46_nominal_only	bijective_nominal_only;LODO_5of5_direction;LH46_nominal_only	False	12.0	Tier3A_nominal	3	Tier 3A — nominal exact-bijective spatial correspondence	nominal_exact_bijective_spin	positive	small	nominal exploratory spatial correspondence	supplementary_or_explicitly_exploratory_only	False	True	0.2861224489795918	0.3796938775510204	False	The preliminary maturation balance–clinical depression correspondence was nominal under the exact-bijective spin test and is treated as exploratory.	False	False	no_nested_LH46_BH_FDR_support
preliminary_maturation_balance	clinical_ocd	clinical	0.3338775510204081	0.0371962803719628	0.413958604139586	0.35107600351076	1.0	0.9969003099690033	0.3338775510204081	0.0797920207979202	0.6511348865113489	0.5426124054261241	1.0	1.0	0.3206290471785383	0.0603939606039396	0.4500419523265065	0.3206290471785383	0.1182881711828817	0.7027445403607787	0.2647959183673469	0.2896938775510203	0.1859183673469387	0.3063265306122448	0.0516502954451876	0.1859183673469387	0.1479591836734693	5	1.0	True	direction_stable_moderate_effect_variation	True	False	False	False	False	False	False	False	True	-0.0132485038418698	bijective_nominal_only	LH46_direction_concordant_not_nominal	bijective_nominal_only;LODO_5of5_direction;LH46_direction_concordant_not_nominal	False	20.0	Tier3A_nominal	3	Tier 3A — nominal exact-bijective spatial correspondence	nominal_exact_bijective_spin	positive	small	nominal exploratory spatial correspondence	supplementary_or_explicitly_exploratory_only	False	True	0.1859183673469387	0.3063265306122448	False	The preliminary maturation balance–clinical ocd correspondence was nominal under the exact-bijective spin test and is treated as exploratory.	False	False	no_nested_LH46_BH_FDR_support
astrocyte_maturation_metabolic_support	cognitive_executive_control	cognitive	0.3933673469387754	0.033996600339966	0.413958604139586	0.424684804246848	0.9892010798920108	0.8928107189281071	0.3933673469387754	0.0623937606239376	0.6239376062393761	0.6239376062393761	0.9996000399960004	0.9734026597340266	0.4088189947579401	0.028997100289971	0.3919608039196081	0.4088189947579401	0.0543945605439456	0.6216521205022355	0.3504897959183673	0.3578571428571428	0.2065306122448979	0.4671428571428571	0.104487090406619	0.2065306122448979	0.1868367346938774	5	1.0	True	direction_stable_moderate_effect_variation	True	False	False	False	False	False	False	False	True	0.0154516478191646	bijective_nominal_only	LH46_nominal_only	bijective_nominal_only;LODO_5of5_direction;LH46_nominal_only	False	11.0	Tier3A_nominal	3	Tier 3A — nominal exact-bijective spatial correspondence	nominal_exact_bijective_spin	positive	small	nominal exploratory spatial correspondence	supplementary_or_explicitly_exploratory_only	False	True	0.2065306122448979	0.4671428571428571	False	The astrocyte maturation metabolic support–cognitive executive control correspondence was nominal under the exact-bijective spin test and is treated as exploratory.	False	False	no_nested_LH46_BH_FDR_support
oligodendrocyte_myelination	cognitive_emotion_affect	cognitive	-0.3414285714285713	0.0181981801819818	0.363963603639636	0.424684804246848	0.9998000199980002	0.9867013298670132	-0.3414285714285714	0.0131986801319868	0.3016841173025554	0.527947205279472	1.0	0.9985001499850016	-0.3329633055812519	0.0270972902709729	0.3919608039196081	-0.3329633055812519	0.0238976102389761	0.471952804719528	-0.2812244897959183	-0.2894897959183673	-0.3257142857142857	-0.2292857142857143	0.0381402036617565	0.2292857142857143	0.1121428571428571	5	1.0	True	direction_stable_moderate_effect_variation	True	False	False	False	False	False	False	False	True	0.0084652658473193	bijective_nominal_only	LH46_nominal_only	bijective_nominal_only;LODO_5of5_direction;LH46_nominal_only	False	19.0	Tier3A_nominal	3	Tier 3A — nominal exact-bijective spatial correspondence	nominal_exact_bijective_spin	negative	small	nominal exploratory spatial correspondence	supplementary_or_explicitly_exploratory_only	False	True	-0.3257142857142857	-0.2292857142857143	False	The oligodendrocyte myelination–cognitive emotion affect correspondence was nominal under the exact-bijective spin test and is treated as exploratory.	False	False	no_nested_LH46_BH_FDR_support
oligodendrocyte_myelination	cognitive_memory	cognitive	-0.2797959183673468	0.0473952604739526	0.421291204212912	0.424684804246848	1.0	0.9997000299970004	-0.2797959183673469	0.0434956504349565	0.51994800519948	0.5799420057994201	1.0	1.0	-0.2737588652482269	0.0601939806019398	0.4500419523265065	-0.2737588652482269	0.0522947705229477	0.6216521205022355	-0.2542244897959183	-0.2487755102040816	-0.2975510204081633	-0.2146938775510203	0.0323256544923535	0.2146938775510203	0.0651020408163265	5	1.0	True	direction_and_effect_size_stable	True	False	False	False	False	False	False	False	True	0.0060370531191198	bijective_nominal_only	LH46_direction_concordant_not_nominal	bijective_nominal_only;LODO_5of5_direction;LH46_direction_concordant_not_nominal	False	20.0	Tier3A_nominal	3	Tier 3A — nominal exact-bijective spatial correspondence	nominal_exact_bijective_spin	negative	small	nominal exploratory spatial correspondence	supplementary_or_explicitly_exploratory_only	False	True	-0.2975510204081633	-0.2146938775510203	False	The oligodendrocyte myelination–cognitive memory correspondence was nominal under the exact-bijective spin test and is treated as exploratory.	False	False	no_nested_LH46_BH_FDR_support
oligodendrocyte_myelination	cognitive_reward_motivation	cognitive	-0.2846938775510204	0.0413958604139586	0.413958604139586	0.424684804246848	1.0	0.9996000399960004	-0.2846938775510204	0.0296970302969703	0.51994800519948	0.535946405359464	1.0	1.0	-0.2964539007092198	0.0404959504049595	0.4500419523265065	-0.2964539007092198	0.0328967103289671	0.478497604784976	-0.2324897959183673	-0.2439795918367346	-0.2682653061224489	-0.1677551020408163	0.0418786872782159	0.1677551020408163	0.116938775510204	5	1.0	True	direction_stable_moderate_effect_variation	True	False	False	False	False	False	False	False	True	-0.0117600231581994	bijective_nominal_only	LH46_nominal_only	bijective_nominal_only;LODO_5of5_direction;LH46_nominal_only	False	20.0	Tier3A_nominal	3	Tier 3A — nominal exact-bijective spatial correspondence	nominal_exact_bijective_spin	negative	small	nominal exploratory spatial correspondence	supplementary_or_explicitly_exploratory_only	False	True	-0.2682653061224489	-0.1677551020408163	False	The oligodendrocyte myelination–cognitive reward motivation correspondence was nominal under the exact-bijective spin test and is treated as exploratory.	False	False	no_nested_LH46_BH_FDR_support
oligodendrocyte_myelination	cognitive_sensorimotor	cognitive	0.4120408163265305	0.0026997300269973	0.071992800719928	0.215978402159784	0.97000299970003	0.8214178582141786	0.4120408163265305	0.0022997700229977	0.0735926407359264	0.183981601839816	0.9984001599840016	0.949005099490051	0.421523280912735	0.0027997200279972	0.074659200746592	0.421523280912735	0.0017998200179982	0.063993600639936	0.3511428571428571	0.3308163265306121	0.3151020408163265	0.4251020408163264	0.043679810716431	0.3151020408163265	0.096938775510204	5	1.0	True	direction_and_effect_size_stable	True	False	False	False	False	False	False	False	True	0.0094824645862044	bijective_nominal_only	LH46_nominal_only	bijective_nominal_only;LODO_5of5_direction;LH46_nominal_only	False	10.0	Tier3A_nominal	3	Tier 3A — nominal exact-bijective spatial correspondence	nominal_exact_bijective_spin	positive	moderate	nominal exploratory spatial correspondence	supplementary_or_explicitly_exploratory_only	False	True	0.3151020408163265	0.4251020408163264	False	The oligodendrocyte myelination–cognitive sensorimotor correspondence was nominal under the exact-bijective spin test and is treated as exploratory.	False	False	no_nested_LH46_BH_FDR_support
oligodendrocyte_myelination	cognitive_social_cognition	cognitive	-0.3036734693877551	0.0327967203279672	0.413958604139586	0.424684804246848	1.0	0.9985001499850016	-0.3036734693877551	0.0334966503349665	0.51994800519948	0.535946405359464	1.0	1.0	-0.3253160653715695	0.0254974502549745	0.3919608039196081	-0.3253160653715695	0.0234976502349765	0.471952804719528	-0.2741020408163265	-0.2586734693877551	-0.3348979591836734	-0.2313265306122448	0.0434073884773931	0.2313265306122448	0.0723469387755102	5	1.0	True	direction_and_effect_size_stable	True	False	False	False	False	False	False	False	True	-0.0216425959838144	bijective_nominal_only	LH46_nominal_only	bijective_nominal_only;LODO_5of5_direction;LH46_nominal_only	False	20.0	Tier3A_nominal	3	Tier 3A — nominal exact-bijective spatial correspondence	nominal_exact_bijective_spin	negative	small	nominal exploratory spatial correspondence	supplementary_or_explicitly_exploratory_only	False	True	-0.3348979591836734	-0.2313265306122448	False	The oligodendrocyte myelination–cognitive social cognition correspondence was nominal under the exact-bijective spin test and is treated as exploratory.	False	False	no_nested_LH46_BH_FDR_support
preliminary_maturation_balance	cognitive_emotion_affect	cognitive	-0.3761224489795918	0.0351964803519648	0.413958604139586	0.424684804246848	0.9971002899710028	0.9405059494050596	-0.3761224489795917	0.057994200579942	0.6186048061860481	0.6239376062393761	0.999900009999	0.9882011798820118	-0.3691026827012024	0.0426957304269573	0.4500419523265065	-0.3691026827012025	0.0636936306369363	0.636936306369363	-0.3430408163265305	-0.3546938775510203	-0.4175510204081632	-0.2571428571428571	0.060119899636988	0.2571428571428571	0.1189795918367345	5	1.0	True	direction_stable_moderate_effect_variation	True	False	False	False	False	False	False	False	True	0.0070197662783894	bijective_nominal_only	LH46_nominal_only	bijective_nominal_only;LODO_5of5_direction;LH46_nominal_only	False	14.0	Tier3A_nominal	3	Tier 3A — nominal exact-bijective spatial correspondence	nominal_exact_bijective_spin	negative	small	nominal exploratory spatial correspondence	supplementary_or_explicitly_exploratory_only	False	True	-0.4175510204081632	-0.2571428571428571	False	The preliminary maturation balance–cognitive emotion affect correspondence was nominal under the exact-bijective spin test and is treated as exploratory.	False	False	no_nested_LH46_BH_FDR_support
progenitor_radial_glia	cognitive_executive_control	cognitive	0.4193877551020407	0.0154984501549845	0.3542502892567886	0.424684804246848	0.9588041195880412	0.789021097890211	0.4193877551020407	0.0277972202779722	0.51994800519948	0.535946405359464	0.9969003099690033	0.9348065193480652	0.3763798951588035	0.028997100289971	0.3919608039196081	0.3763798951588035	0.0432956704329567	0.5772756057727562	0.3684897959183674	0.3814285714285714	0.276938775510204	0.4511224489795918	0.0820959239732881	0.276938775510204	0.1424489795918366	5	1.0	True	direction_stable_moderate_effect_variation	True	False	False	False	False	False	False	False	True	-0.0430078599432371	bijective_nominal_only	LH46_nominal_only	bijective_nominal_only;LODO_5of5_direction;LH46_nominal_only	False	9.0	Tier3A_nominal	3	Tier 3A — nominal exact-bijective spatial correspondence	nominal_exact_bijective_spin	positive	moderate	nominal exploratory spatial correspondence	supplementary_or_explicitly_exploratory_only	False	True	0.276938775510204	0.4511224489795918	False	The progenitor radial glia–cognitive executive control correspondence was nominal under the exact-bijective spin test and is treated as exploratory.	False	False	no_nested_LH46_BH_FDR_support
activity_dependent_plasticity	clinical_adhd	clinical	-0.0413307482507324	0.8392160783921608	0.9708618179277964	0.957087389852564	1.0	1.0	-0.0413307482507324	0.8668133186681332	0.9817396638714506	0.9766910632880376	1.0	1.0	-0.0540923954032393	0.7904209579042096	0.937114921601365	-0.0540923954032393	0.8335166483351665	0.9658041288069776	-0.0214103481061818	-0.0448004900791889	-0.0702112464111207	0.0454127974606812	0.0547715427169806	0.0291866518511344	0.0867435457114136	3	0.6	False	donor_sensitive	True	False	False	False	False	False	False	False	True	-0.0127616471525068	no_corrected_spatial_support	LH46_direction_concordant_not_nominal	no_corrected_spatial_support;LODO_3of5_direction;LH46_direction_concordant_not_nominal	False	20.0	Tier3B_descriptive	4	Tier 3B — descriptive spatial correspondence	no_statistical_support	negative	very_small	descriptive spatial correspondence without statistical support	matrix_or_descriptive_summary_only	False	False	-0.0702112464111207	0.0454127974606812	False	The activity dependent plasticity–clinical adhd correspondence is presented descriptively and is not interpreted as statistically supported.	False	False	no_nested_LH46_BH_FDR_support
activity_dependent_plasticity	clinical_asd	clinical	-0.1727727328110863	0.5036496350364964	0.8664939957617142	0.7194994786235663	1.0	1.0	-0.1727727328110863	0.5612438756124387	0.9636683390484482	0.8291100714489954	1.0	1.0	-0.1031887998969434	0.6931306869313069	0.937114921601365	-0.1031887998969433	0.7470252974702529	0.9658041288069776	-0.1477293609080499	-0.1395040317500029	-0.1979793866825206	-0.0903153387701189	0.0456755701869487	0.0903153387701189	0.0824573940409673	5	1.0	True	direction_and_effect_size_stable	True	False	False	False	False	False	False	False	True	0.0695839329141428	no_corrected_spatial_support	LH46_direction_concordant_not_nominal	no_corrected_spatial_support;LODO_5of5_direction;LH46_direction_concordant_not_nominal	False	20.0	Tier3B_descriptive	4	Tier 3B — descriptive spatial correspondence	no_statistical_support	negative	very_small	descriptive spatial correspondence without statistical support	matrix_or_descriptive_summary_only	False	True	-0.1979793866825206	-0.0903153387701189	False	The activity dependent plasticity–clinical asd correspondence is presented descriptively and is not interpreted as statistically supported.	False	False	no_nested_LH46_BH_FDR_support
activity_dependent_plasticity	clinical_bipolar	clinical	0.2774489795918367	0.14998500149985	0.666600006666	0.6315157957888421	1.0	1.0	0.2774489795918367	0.2124787521247875	0.9636683390484482	0.8291100714489954	1.0	1.0	0.2906567992599445	0.1386861313868613	0.6526406182911121	0.2906567992599445	0.2017798220177982	0.9283643064265004	0.2525510204081632	0.2579591836734693	0.1806122448979591	0.2983673469387755	0.0458190535982182	0.1806122448979591	0.0968367346938774	5	1.0	True	direction_and_effect_size_stable	True	False	False	False	False	False	False	False	True	0.0132078196681078	no_corrected_spatial_support	LH46_direction_concordant_not_nominal	no_corrected_spatial_support;LODO_5of5_direction;LH46_direction_concordant_not_nominal	False	20.0	Tier3B_descriptive	4	Tier 3B — descriptive spatial correspondence	no_statistical_support	positive	small	descriptive spatial correspondence without statistical support	matrix_or_descriptive_summary_only	False	True	0.1806122448979591	0.2983673469387755	False	The activity dependent plasticity–clinical bipolar correspondence is presented descriptively and is not interpreted as statistically supported.	False	False	no_nested_LH46_BH_FDR_support
activity_dependent_plasticity	clinical_depression	clinical	0.1872448979591836	0.3648635136486351	0.8664939957617142	0.7194994786235663	1.0	1.0	0.1872448979591836	0.4405559444055594	0.9636683390484482	0.8291100714489954	1.0	1.0	0.2318223866790009	0.2691730826917308	0.893990600939906	0.2318223866790009	0.3615638436156384	0.9658041288069776	0.171734693877551	0.1783673469387754	0.1011224489795918	0.2053061224489795	0.0420582735698554	0.1011224489795918	0.0861224489795917	5	1.0	True	direction_and_effect_size_stable	True	False	False	False	False	False	False	False	True	0.0445774887198173	no_corrected_spatial_support	LH46_direction_concordant_not_nominal	no_corrected_spatial_support;LODO_5of5_direction;LH46_direction_concordant_not_nominal	False	20.0	Tier3B_descriptive	4	Tier 3B — descriptive spatial correspondence	no_statistical_support	positive	very_small	descriptive spatial correspondence without statistical support	matrix_or_descriptive_summary_only	False	True	0.1011224489795918	0.2053061224489795	False	The activity dependent plasticity–clinical depression correspondence is presented descriptively and is not interpreted as statistically supported.	False	False	no_nested_LH46_BH_FDR_support
activity_dependent_plasticity	clinical_epilepsy	clinical	-0.1737755102040815	0.4511548845115488	0.8664939957617142	0.7194994786235663	1.0	1.0	-0.1737755102040816	0.5420457954204579	0.9636683390484482	0.8291100714489954	1.0	1.0	-0.2127042861547949	0.360963903609639	0.893990600939906	-0.2127042861547949	0.4542545745425457	0.9658041288069776	-0.1612857142857142	-0.1503061224489795	-0.1971428571428571	-0.1451020408163265	0.0216271893369721	0.1451020408163265	0.028673469387755	5	1.0	True	direction_and_effect_size_stable	True	False	False	False	False	False	False	False	True	-0.0389287759507133	no_corrected_spatial_support	LH46_direction_concordant_not_nominal	no_corrected_spatial_support;LODO_5of5_direction;LH46_direction_concordant_not_nominal	False	20.0	Tier3B_descriptive	4	Tier 3B — descriptive spatial correspondence	no_statistical_support	negative	very_small	descriptive spatial correspondence without statistical support	matrix_or_descriptive_summary_only	False	True	-0.1971428571428571	-0.1451020408163265	False	The activity dependent plasticity–clinical epilepsy correspondence is presented descriptively and is not interpreted as statistically supported.	False	False	no_nested_LH46_BH_FDR_support
activity_dependent_plasticity	clinical_ocd	clinical	0.1916326530612244	0.2685731426857314	0.8594340565943405	0.7194994786235663	1.0	1.0	0.1916326530612245	0.362963703629637	0.9636683390484482	0.8291100714489954	1.0	1.0	0.1305581251927227	0.4575542445755424	0.8994222528966617	0.1305581251927227	0.5512448755124487	0.9658041288069776	0.1717755102040816	0.1597959183673469	0.0889795918367346	0.3185714285714285	0.0927279769951747	0.0889795918367346	0.126938775510204	5	1.0	True	direction_stable_moderate_effect_variation	True	False	False	False	False	False	False	False	True	-0.0610745278685017	no_corrected_spatial_support	LH46_direction_concordant_not_nominal	no_corrected_spatial_support;LODO_5of5_direction;LH46_direction_concordant_not_nominal	False	20.0	Tier3B_descriptive	4	Tier 3B — descriptive spatial correspondence	no_statistical_support	positive	very_small	descriptive spatial correspondence without statistical support	matrix_or_descriptive_summary_only	False	True	0.0889795918367346	0.3185714285714285	False	The activity dependent plasticity–clinical ocd correspondence is presented descriptively and is not interpreted as statistically supported.	False	False	no_nested_LH46_BH_FDR_support
activity_dependent_plasticity	clinical_parkinsons	clinical	-0.0454081632653061	0.8494150584941506	0.9708618179277964	0.957087389852564	1.0	1.0	-0.0454081632653061	0.8649135086491351	0.9817396638714506	0.9766910632880376	1.0	1.0	-0.1104532839962997	0.6538346165383462	0.937114921601365	-0.1104532839962997	0.6891310868913109	0.9658041288069776	-0.0316530612244898	-0.0601020408163265	-0.0789795918367346	0.113673469387755	0.0816675116900185	0.0596938775510204	0.1590816326530612	4	0.8	False	mostly_direction_stable	True	False	False	False	False	False	False	False	True	-0.0650451207309936	no_corrected_spatial_support	LH46_direction_concordant_not_nominal	no_corrected_spatial_support;LODO_4of5_direction;LH46_direction_concordant_not_nominal	False	20.0	Tier3B_descriptive	4	Tier 3B — descriptive spatial correspondence	no_statistical_support	negative	very_small	descriptive spatial correspondence without statistical support	matrix_or_descriptive_summary_only	False	False	-0.0789795918367346	0.113673469387755	False	The activity dependent plasticity–clinical parkinsons correspondence is presented descriptively and is not interpreted as statistically supported.	False	False	no_nested_LH46_BH_FDR_support
activity_dependent_plasticity	clinical_schizophrenia	clinical	-0.2276530612244897	0.30996900309969	0.8664939957617142	0.7194994786235663	1.0	1.0	-0.2276530612244898	0.418958104189581	0.9636683390484482	0.8291100714489954	1.0	1.0	-0.2499537465309897	0.2773722627737226	0.893990600939906	-0.2499537465309898	0.3872612738726127	0.9658041288069776	-0.2091224489795918	-0.2103061224489796	-0.2915306122448979	-0.1257142857142857	0.0587091550750759	0.1257142857142857	0.1019387755102041	5	1.0	True	direction_stable_moderate_effect_variation	True	False	False	False	False	False	False	False	True	-0.0223006853065	no_corrected_spatial_support	LH46_direction_concordant_not_nominal	no_corrected_spatial_support;LODO_5of5_direction;LH46_direction_concordant_not_nominal	False	20.0	Tier3B_descriptive	4	Tier 3B — descriptive spatial correspondence	no_statistical_support	negative	small	descriptive spatial correspondence without statistical support	matrix_or_descriptive_summary_only	False	True	-0.2915306122448979	-0.1257142857142857	False	The activity dependent plasticity–clinical schizophrenia correspondence is presented descriptively and is not interpreted as statistically supported.	False	False	no_nested_LH46_BH_FDR_support
astrocyte_maturation_metabolic_support	clinical_adhd	clinical	-0.1956322083868	0.3025697430256974	0.8664939957617142	0.7194994786235663	1.0	1.0	-0.1956322083868	0.3946605339466053	0.9636683390484482	0.8291100714489954	1.0	1.0	-0.1691852230229024	0.374962503749625	0.893990600939906	-0.1691852230229024	0.458954104589541	0.9658041288069776	-0.1703030930390672	-0.1521583843008445	-0.2419634669197198	-0.0943973879800678	0.0612100012294839	0.0943973879800678	0.1012348204067321	5	1.0	True	direction_stable_moderate_effect_variation	True	False	False	False	False	False	False	False	True	0.0264469853638976	no_corrected_spatial_support	LH46_direction_concordant_not_nominal	no_corrected_spatial_support;LODO_5of5_direction;LH46_direction_concordant_not_nominal	False	20.0	Tier3B_descriptive	4	Tier 3B — descriptive spatial correspondence	no_statistical_support	negative	very_small	descriptive spatial correspondence without statistical support	matrix_or_descriptive_summary_only	False	True	-0.2419634669197198	-0.0943973879800678	False	The astrocyte maturation metabolic support–clinical adhd correspondence is presented descriptively and is not interpreted as statistically supported.	False	False	no_nested_LH46_BH_FDR_support
astrocyte_maturation_metabolic_support	clinical_asd	clinical	0.1224614762984663	0.6557344265573443	0.9383409485138444	0.8891314258404668	1.0	1.0	0.1224614762984663	0.6999300069993001	0.9817396638714506	0.9490576366092204	1.0	1.0	0.150188121786645	0.571042895710429	0.9277472252774724	0.150188121786645	0.6192380761923808	0.9658041288069776	0.0958261052035499	0.0918461072238498	-0.0366363916592911	0.1801204213889942	0.0891030850254399	0.0366363916592911	0.1590978679577575	4	0.8	False	mostly_direction_stable	True	False	False	False	False	False	False	False	True	0.0277266454881787	no_corrected_spatial_support	LH46_direction_concordant_not_nominal	no_corrected_spatial_support;LODO_4of5_direction;LH46_direction_concordant_not_nominal	False	20.0	Tier3B_descriptive	4	Tier 3B — descriptive spatial correspondence	no_statistical_support	positive	very_small	descriptive spatial correspondence without statistical support	matrix_or_descriptive_summary_only	False	False	-0.0366363916592911	0.1801204213889942	False	The astrocyte maturation metabolic support–clinical asd correspondence is presented descriptively and is not interpreted as statistically supported.	False	False	no_nested_LH46_BH_FDR_support
astrocyte_maturation_metabolic_support	clinical_bipolar	clinical	-0.006734693877551	0.9736026397360265	0.9895010498950104	0.9894010598940106	1.0	1.0	-0.006734693877551	0.976102389761024	0.9917008299170084	0.988001199880012	1.0	1.0	0.0279370952821461	0.8884111588841116	0.962373561301588	0.0279370952821461	0.915008499150085	0.9816236919354422	-0.0331632653061224	-0.0361224489795918	-0.2340816326530612	0.1406122448979591	0.1465862409328395	0.0361224489795918	0.2273469387755102	3	0.6	False	donor_sensitive	True	False	False	False	False	False	False	False	False	0.0346717891596971	no_corrected_spatial_support	LH46_direction_discordant	no_corrected_spatial_support;LODO_3of5_direction;LH46_direction_discordant	False	20.0	Tier3B_descriptive	4	Tier 3B — descriptive spatial correspondence	no_statistical_support	negative	very_small	descriptive spatial correspondence without statistical support	matrix_or_descriptive_summary_only	False	False	-0.2340816326530612	0.1406122448979591	False	The astrocyte maturation metabolic support–clinical bipolar correspondence is presented descriptively and is not interpreted as statistically supported.	False	False	no_nested_LH46_BH_FDR_support
astrocyte_maturation_metabolic_support	clinical_depression	clinical	-0.2392857142857142	0.2576742325767423	0.8498741962538439	0.7194994786235663	1.0	1.0	-0.2392857142857142	0.3428657134286571	0.9636683390484482	0.8291100714489954	1.0	1.0	-0.2353993216157878	0.2626737326267373	0.893990600939906	-0.2353993216157878	0.3456654334566543	0.9658041288069776	-0.2495714285714285	-0.3153061224489796	-0.3656122448979591	-0.0814285714285714	0.1220787216746402	0.0814285714285714	0.1578571428571428	5	1.0	True	direction_stable_moderate_effect_variation	True	False	False	False	False	False	False	False	True	0.0038863926699264	no_corrected_spatial_support	LH46_direction_concordant_not_nominal	no_corrected_spatial_support;LODO_5of5_direction;LH46_direction_concordant_not_nominal	False	20.0	Tier3B_descriptive	4	Tier 3B — descriptive spatial correspondence	no_statistical_support	negative	small	descriptive spatial correspondence without statistical support	matrix_or_descriptive_summary_only	False	True	-0.3656122448979591	-0.0814285714285714	False	The astrocyte maturation metabolic support–clinical depression correspondence is presented descriptively and is not interpreted as statistically supported.	False	False	no_nested_LH46_BH_FDR_support
astrocyte_maturation_metabolic_support	clinical_epilepsy	clinical	-0.1762244897959183	0.4976502349765023	0.8664939957617142	0.7194994786235663	1.0	1.0	-0.1762244897959183	0.5496450354964504	0.9636683390484482	0.8291100714489954	1.0	1.0	-0.1738513721862472	0.4934506549345065	0.91804773011071	-0.1738513721862472	0.5494450554944506	0.9658041288069776	-0.1500612244897959	-0.1157142857142857	-0.2607142857142857	-0.0491836734693877	0.0914419405313007	0.0491836734693877	0.1270408163265305	5	1.0	True	direction_stable_moderate_effect_variation	True	False	False	False	False	False	False	False	True	0.002373117609671	no_corrected_spatial_support	LH46_direction_concordant_not_nominal	no_corrected_spatial_support;LODO_5of5_direction;LH46_direction_concordant_not_nominal	False	20.0	Tier3B_descriptive	4	Tier 3B — descriptive spatial correspondence	no_statistical_support	negative	very_small	descriptive spatial correspondence without statistical support	matrix_or_descriptive_summary_only	False	True	-0.2607142857142857	-0.0491836734693877	False	The astrocyte maturation metabolic support–clinical epilepsy correspondence is presented descriptively and is not interpreted as statistically supported.	False	False	no_nested_LH46_BH_FDR_support
astrocyte_maturation_metabolic_support	clinical_ocd	clinical	0.1208163265306122	0.454954504549545	0.8664939957617142	0.7194994786235663	1.0	1.0	0.1208163265306122	0.5441455854414559	0.9636683390484482	0.8291100714489954	1.0	1.0	0.0931853222325007	0.5751424857514249	0.9277472252774724	0.0931853222325007	0.6328367163283671	0.9658041288069776	0.0883673469387755	0.1154081632653061	-0.0304081632653061	0.1763265306122448	0.0866275148112058	0.0292857142857142	0.1512244897959183	4	0.8	False	mostly_direction_stable	True	False	False	False	False	False	False	False	True	-0.0276310042981114	no_corrected_spatial_support	LH46_direction_concordant_not_nominal	no_corrected_spatial_support;LODO_4of5_direction;LH46_direction_concordant_not_nominal	False	20.0	Tier3B_descriptive	4	Tier 3B — descriptive spatial correspondence	no_statistical_support	positive	very_small	descriptive spatial correspondence without statistical support	matrix_or_descriptive_summary_only	False	False	-0.0304081632653061	0.1763265306122448	False	The astrocyte maturation metabolic support–clinical ocd correspondence is presented descriptively and is not interpreted as statistically supported.	False	False	no_nested_LH46_BH_FDR_support
astrocyte_maturation_metabolic_support	clinical_parkinsons	clinical	0.2005102040816326	0.4076592340765923	0.8664939957617142	0.7194994786235663	1.0	1.0	0.2005102040816326	0.4745525447455254	0.9636683390484482	0.8291100714489954	1.0	1.0	0.1929694727104532	0.4190580941905809	0.893990600939906	0.1929694727104532	0.4842515748425157	0.9658041288069776	0.1660612244897959	0.1366326530612245	0.0414285714285714	0.3004081632653061	0.0975429774243879	0.0414285714285714	0.1590816326530611	5	1.0	True	direction_stable_moderate_effect_variation	True	False	False	False	False	False	False	False	True	-0.0075407313711793	no_corrected_spatial_support	LH46_direction_concordant_not_nominal	no_corrected_spatial_support;LODO_5of5_direction;LH46_direction_concordant_not_nominal	False	20.0	Tier3B_descriptive	4	Tier 3B — descriptive spatial correspondence	no_statistical_support	positive	small	descriptive spatial correspondence without statistical support	matrix_or_descriptive_summary_only	False	True	0.0414285714285714	0.3004081632653061	False	The astrocyte maturation metabolic support–clinical parkinsons correspondence is presented descriptively and is not interpreted as statistically supported.	False	False	no_nested_LH46_BH_FDR_support
astrocyte_maturation_metabolic_support	clinical_schizophrenia	clinical	0.0837755102040816	0.7592240775922408	0.9490300969903008	0.9163789503402602	1.0	1.0	0.0837755102040816	0.795920407959204	0.9817396638714506	0.958257115464924	1.0	1.0	0.0665433240826395	0.8016198380161984	0.937114921601365	0.0665433240826395	0.8282171782821718	0.9658041288069776	0.1119183673469387	0.1546938775510204	-0.0308163265306122	0.2239795918367346	0.1001413879689105	0.0308163265306122	0.140204081632653	4	0.8	False	mostly_direction_stable	True	False	False	False	False	False	False	False	True	-0.0172321861214421	no_corrected_spatial_support	LH46_direction_concordant_not_nominal	no_corrected_spatial_support;LODO_4of5_direction;LH46_direction_concordant_not_nominal	False	20.0	Tier3B_descriptive	4	Tier 3B — descriptive spatial correspondence	no_statistical_support	positive	very_small	descriptive spatial correspondence without statistical support	matrix_or_descriptive_summary_only	False	False	-0.0308163265306122	0.2239795918367346	False	The astrocyte maturation metabolic support–clinical schizophrenia correspondence is presented descriptively and is not interpreted as statistically supported.	False	False	no_nested_LH46_BH_FDR_support
axon_guidance_neurite_outgrowth	clinical_adhd	clinical	-0.2801306270327419	0.1176882311768823	0.5706096057060961	0.5230588052305881	1.0	1.0	-0.2801306270327419	0.1822817718228177	0.883790408837904	0.810141208101412	1.0	1.0	-0.2374020865530993	0.1951804819518048	0.7807219278072193	-0.2374020865530993	0.2741725827417258	0.9658041288069776	-0.2519236669919951	-0.2541075633193178	-0.3088070227326327	-0.1787937553957609	0.0483889443301789	0.1787937553957609	0.1013368716369809	5	1.0	True	direction_stable_moderate_effect_variation	True	False	False	False	False	False	False	False	True	0.0427285404796425	no_corrected_spatial_support	LH46_direction_concordant_not_nominal	no_corrected_spatial_support;LODO_5of5_direction;LH46_direction_concordant_not_nominal	False	20.0	Tier3B_descriptive	4	Tier 3B — descriptive spatial correspondence	no_statistical_support	negative	small	descriptive spatial correspondence without statistical support	matrix_or_descriptive_summary_only	False	True	-0.3088070227326327	-0.1787937553957609	False	The axon guidance neurite outgrowth–clinical adhd correspondence is presented descriptively and is not interpreted as statistically supported.	False	False	no_nested_LH46_BH_FDR_support
axon_guidance_neurite_outgrowth	clinical_asd	clinical	0.1154199414113045	0.706029397060294	0.9409140386774332	0.9158449234441636	1.0	1.0	0.1154199414113045	0.7393260673932607	0.9817396638714506	0.958257115464924	1.0	1.0	0.112687350515072	0.6953304669533047	0.937114921601365	0.112687350515072	0.7298270172982702	0.9658041288069776	0.0777222169574266	0.0822532915804699	-0.0797020108242518	0.2476783358136482	0.1315661740569177	0.0185733239052674	0.1951219522355563	3	0.6	False	donor_sensitive	True	False	False	False	False	False	False	False	True	-0.0027325908962324	no_corrected_spatial_support	LH46_direction_concordant_not_nominal	no_corrected_spatial_support;LODO_3of5_direction;LH46_direction_concordant_not_nominal	False	20.0	Tier3B_descriptive	4	Tier 3B — descriptive spatial correspondence	no_statistical_support	positive	very_small	descriptive spatial correspondence without statistical support	matrix_or_descriptive_summary_only	False	False	-0.0797020108242518	0.2476783358136482	False	The axon guidance neurite outgrowth–clinical asd correspondence is presented descriptively and is not interpreted as statistically supported.	False	False	no_nested_LH46_BH_FDR_support
axon_guidance_neurite_outgrowth	clinical_epilepsy	clinical	0.1097959183673469	0.6919308069193081	0.9409140386774332	0.9158449234441636	1.0	1.0	0.1097959183673469	0.7332266773322668	0.9817396638714506	0.958257115464924	1.0	1.0	0.0933086648165279	0.7224277572242775	0.937114921601365	0.0933086648165279	0.7608239176082392	0.9658041288069776	0.0732244897959183	0.1035714285714285	-0.0518367346938775	0.1346938775510203	0.0732864289373483	0.0518367346938775	0.1616326530612244	4	0.8	False	mostly_direction_stable	True	False	False	False	False	False	False	False	True	-0.0164872535508189	no_corrected_spatial_support	LH46_direction_concordant_not_nominal	no_corrected_spatial_support;LODO_4of5_direction;LH46_direction_concordant_not_nominal	False	20.0	Tier3B_descriptive	4	Tier 3B — descriptive spatial correspondence	no_statistical_support	positive	very_small	descriptive spatial correspondence without statistical support	matrix_or_descriptive_summary_only	False	False	-0.0518367346938775	0.1346938775510203	False	The axon guidance neurite outgrowth–clinical epilepsy correspondence is presented descriptively and is not interpreted as statistically supported.	False	False	no_nested_LH46_BH_FDR_support
axon_guidance_neurite_outgrowth	clinical_ocd	clinical	-0.1324489795918367	0.4084591540845915	0.8664939957617142	0.7194994786235663	1.0	1.0	-0.1324489795918367	0.4928507149285071	0.9636683390484482	0.8291100714489954	1.0	1.0	-0.1538698735738513	0.3487651234876512	0.893990600939906	-0.1538698735738513	0.426957304269573	0.9658041288069776	-0.094938775510204	-0.0787755102040816	-0.1637755102040816	-0.0177551020408163	0.0649569187317925	0.0177551020408163	0.1146938775510204	5	1.0	True	direction_stable_moderate_effect_variation	True	False	False	False	False	False	False	False	True	-0.0214208939820145	no_corrected_spatial_support	LH46_direction_concordant_not_nominal	no_corrected_spatial_support;LODO_5of5_direction;LH46_direction_concordant_not_nominal	False	20.0	Tier3B_descriptive	4	Tier 3B — descriptive spatial correspondence	no_statistical_support	negative	very_small	descriptive spatial correspondence without statistical support	matrix_or_descriptive_summary_only	False	True	-0.1637755102040816	-0.0177551020408163	False	The axon guidance neurite outgrowth–clinical ocd correspondence is presented descriptively and is not interpreted as statistically supported.	False	False	no_nested_LH46_BH_FDR_support
axon_guidance_neurite_outgrowth	clinical_parkinsons	clinical	0.2346938775510204	0.3397660233976602	0.8664939957617142	0.7194994786235663	1.0	1.0	0.2346938775510203	0.3958604139586041	0.9636683390484482	0.8291100714489954	1.0	1.0	0.2062904717853838	0.38996100389961	0.893990600939906	0.2062904717853838	0.4348565143485651	0.9658041288069776	0.1868571428571428	0.1757142857142857	0.083673469387755	0.331734693877551	0.104941262998483	0.083673469387755	0.1510204081632652	5	1.0	True	direction_stable_moderate_effect_variation	True	False	False	False	False	False	False	False	True	-0.0284034057656366	no_corrected_spatial_support	LH46_direction_concordant_not_nominal	no_corrected_spatial_support;LODO_5of5_direction;LH46_direction_concordant_not_nominal	False	20.0	Tier3B_descriptive	4	Tier 3B — descriptive spatial correspondence	no_statistical_support	positive	small	descriptive spatial correspondence without statistical support	matrix_or_descriptive_summary_only	False	True	0.083673469387755	0.331734693877551	False	The axon guidance neurite outgrowth–clinical parkinsons correspondence is presented descriptively and is not interpreted as statistically supported.	False	False	no_nested_LH46_BH_FDR_support
axon_guidance_neurite_outgrowth	clinical_schizophrenia	clinical	0.3060204081632653	0.2080791920807919	0.7657416076574161	0.7019298070192981	1.0	0.9997000299970004	0.3060204081632653	0.2913708629137086	0.9636683390484482	0.8291100714489954	1.0	1.0	0.2965772432932469	0.2093790620937906	0.8162993224487075	0.2965772432932469	0.2862713728627137	0.9658041288069776	0.2996938775510204	0.2353061224489795	0.2140816326530612	0.4451020408163265	0.1083491375607689	0.2140816326530612	0.1390816326530611	5	1.0	True	direction_stable_moderate_effect_variation	True	False	False	False	False	False	False	False	True	-0.0094431648700183	no_corrected_spatial_support	LH46_direction_concordant_not_nominal	no_corrected_spatial_support;LODO_5of5_direction;LH46_direction_concordant_not_nominal	False	20.0	Tier3B_descriptive	4	Tier 3B — descriptive spatial correspondence	no_statistical_support	positive	small	descriptive spatial correspondence without statistical support	matrix_or_descriptive_summary_only	False	True	0.2140816326530612	0.4451020408163265	False	The axon guidance neurite outgrowth–clinical schizophrenia correspondence is presented descriptively and is not interpreted as statistically supported.	False	False	no_nested_LH46_BH_FDR_support
neurogenesis_migration_layering	clinical_adhd	clinical	0.0688845804178873	0.7212278772122788	0.9409140386774332	0.9158449234441636	1.0	1.0	0.0688845804178873	0.7593240675932407	0.9817396638714506	0.958257115464924	1.0	1.0	0.0067230001128313	0.9702029797020298	0.9950799791815692	0.0067230001128313	0.975002499750025	0.999900009999	0.0858863153773244	0.0847025211064392	0.0054087152031822	0.132870701783836	0.0518001529901078	0.0054087152031822	0.0639861213659487	5	1.0	True	direction_and_effect_size_stable	True	False	False	False	False	False	False	False	True	-0.0621615803050559	no_corrected_spatial_support	LH46_direction_concordant_not_nominal	no_corrected_spatial_support;LODO_5of5_direction;LH46_direction_concordant_not_nominal	False	20.0	Tier3B_descriptive	4	Tier 3B — descriptive spatial correspondence	no_statistical_support	positive	very_small	descriptive spatial correspondence without statistical support	matrix_or_descriptive_summary_only	False	True	0.0054087152031822	0.132870701783836	False	The neurogenesis migration layering–clinical adhd correspondence is presented descriptively and is not interpreted as statistically supported.	False	False	no_nested_LH46_BH_FDR_support
neurogenesis_migration_layering	clinical_asd	clinical	-0.2980916435565169	0.382961703829617	0.8664939957617142	0.7194994786235663	1.0	1.0	-0.2980916435565168	0.4836516348365163	0.9636683390484482	0.8291100714489954	1.0	1.0	-0.2455437013686381	0.4584541545845415	0.8994222528966617	-0.2455437013686382	0.555944405559444	0.9658041288069776	-0.284028984028243	-0.2758444753622955	-0.3877946749451435	-0.2115522003056006	0.0657461595699573	0.2115522003056006	0.0897030313886267	5	1.0	True	direction_and_effect_size_stable	True	False	False	False	False	False	False	False	True	0.0525479421878788	no_corrected_spatial_support	LH46_direction_concordant_not_nominal	no_corrected_spatial_support;LODO_5of5_direction;LH46_direction_concordant_not_nominal	False	20.0	Tier3B_descriptive	4	Tier 3B — descriptive spatial correspondence	no_statistical_support	negative	small	descriptive spatial correspondence without statistical support	matrix_or_descriptive_summary_only	False	True	-0.3877946749451435	-0.2115522003056006	False	The neurogenesis migration layering–clinical asd correspondence is presented descriptively and is not interpreted as statistically supported.	False	False	no_nested_LH46_BH_FDR_support
neurogenesis_migration_layering	clinical_depression	clinical	0.1973469387755101	0.458954104589541	0.8664939957617142	0.7194994786235663	1.0	1.0	0.1973469387755101	0.5907409259074092	0.9636683390484482	0.8291100714489954	1.0	1.0	0.2088806660499537	0.4102589741025897	0.893990600939906	0.2088806660499537	0.5511448855114488	0.9658041288069776	0.2167959183673469	0.2147959183673469	0.1793877551020408	0.2442857142857142	0.0249799586474335	0.1793877551020408	0.0469387755102041	5	1.0	True	direction_and_effect_size_stable	True	False	False	False	False	False	False	False	True	0.0115337272744436	no_corrected_spatial_support	LH46_direction_concordant_not_nominal	no_corrected_spatial_support;LODO_5of5_direction;LH46_direction_concordant_not_nominal	False	20.0	Tier3B_descriptive	4	Tier 3B — descriptive spatial correspondence	no_statistical_support	positive	very_small	descriptive spatial correspondence without statistical support	matrix_or_descriptive_summary_only	False	True	0.1793877551020408	0.2442857142857142	False	The neurogenesis migration layering–clinical depression correspondence is presented descriptively and is not interpreted as statistically supported.	False	False	no_nested_LH46_BH_FDR_support
neurogenesis_migration_layering	clinical_epilepsy	clinical	-0.1214285714285714	0.718928107189281	0.9409140386774332	0.9158449234441636	1.0	1.0	-0.1214285714285713	0.7951204879512048	0.9817396638714506	0.958257115464924	1.0	1.0	-0.1358618563058896	0.6719328067193281	0.937114921601365	-0.1358618563058896	0.7613238676132387	0.9658041288069776	-0.1309591836734693	-0.1397959183673469	-0.1789795918367346	-0.0883673469387755	0.0360733841804555	0.0883673469387755	0.0575510204081633	5	1.0	True	direction_and_effect_size_stable	True	False	False	False	False	False	False	False	True	-0.0144332848773181	no_corrected_spatial_support	LH46_direction_concordant_not_nominal	no_corrected_spatial_support;LODO_5of5_direction;LH46_direction_concordant_not_nominal	False	20.0	Tier3B_descriptive	4	Tier 3B — descriptive spatial correspondence	no_statistical_support	negative	very_small	descriptive spatial correspondence without statistical support	matrix_or_descriptive_summary_only	False	True	-0.1789795918367346	-0.0883673469387755	False	The neurogenesis migration layering–clinical epilepsy correspondence is presented descriptively and is not interpreted as statistically supported.	False	False	no_nested_LH46_BH_FDR_support
neurogenesis_migration_layering	clinical_ocd	clinical	0.2157142857142857	0.2101789821017898	0.7657416076574161	0.7019298070192981	1.0	1.0	0.2157142857142857	0.3235676432356764	0.9636683390484482	0.8291100714489954	1.0	1.0	0.1721245760098674	0.3286671332866713	0.893990600939906	0.1721245760098673	0.4543545645435456	0.9658041288069776	0.2082244897959183	0.2132653061224489	0.1560204081632653	0.2713265306122449	0.051336601843905	0.1560204081632653	0.0596938775510204	5	1.0	True	direction_and_effect_size_stable	True	False	False	False	False	False	False	False	True	-0.0435897097044182	no_corrected_spatial_support	LH46_direction_concordant_not_nominal	no_corrected_spatial_support;LODO_5of5_direction;LH46_direction_concordant_not_nominal	False	20.0	Tier3B_descriptive	4	Tier 3B — descriptive spatial correspondence	no_statistical_support	positive	small	descriptive spatial correspondence without statistical support	matrix_or_descriptive_summary_only	False	True	0.1560204081632653	0.2713265306122449	False	The neurogenesis migration layering–clinical ocd correspondence is presented descriptively and is not interpreted as statistically supported.	False	False	no_nested_LH46_BH_FDR_support
neurogenesis_migration_layering	clinical_parkinsons	clinical	-0.2271428571428571	0.483951604839516	0.8664939957617142	0.7194994786235663	1.0	1.0	-0.2271428571428571	0.56994300569943	0.9636683390484482	0.8291100714489954	1.0	1.0	-0.233795868023435	0.4458554144585541	0.8994222528966617	-0.233795868023435	0.5304469553044695	0.9658041288069776	-0.2315102040816326	-0.2172448979591836	-0.3118367346938775	-0.176938775510204	0.0580688187709439	0.176938775510204	0.0846938775510204	5	1.0	True	direction_and_effect_size_stable	True	False	False	False	False	False	False	False	True	-0.0066530108805779	no_corrected_spatial_support	LH46_direction_concordant_not_nominal	no_corrected_spatial_support;LODO_5of5_direction;LH46_direction_concordant_not_nominal	False	20.0	Tier3B_descriptive	4	Tier 3B — descriptive spatial correspondence	no_statistical_support	negative	small	descriptive spatial correspondence without statistical support	matrix_or_descriptive_summary_only	False	True	-0.3118367346938775	-0.176938775510204	False	The neurogenesis migration layering–clinical parkinsons correspondence is presented descriptively and is not interpreted as statistically supported.	False	False	no_nested_LH46_BH_FDR_support
neurogenesis_migration_layering	clinical_schizophrenia	clinical	-0.2281632653061224	0.4766523347665233	0.8664939957617142	0.7194994786235663	1.0	1.0	-0.2281632653061224	0.5855414458554145	0.9636683390484482	0.8291100714489954	1.0	1.0	-0.2345359235275978	0.4347565243475652	0.8994222528966617	-0.2345359235275979	0.5475452454754525	0.9658041288069776	-0.2149591836734693	-0.1996938775510203	-0.3494897959183673	-0.1385714285714285	0.080622338556914	0.1385714285714285	0.1213265306122449	5	1.0	True	direction_stable_moderate_effect_variation	True	False	False	False	False	False	False	False	True	-0.0063726582214753	no_corrected_spatial_support	LH46_direction_concordant_not_nominal	no_corrected_spatial_support;LODO_5of5_direction;LH46_direction_concordant_not_nominal	False	20.0	Tier3B_descriptive	4	Tier 3B — descriptive spatial correspondence	no_statistical_support	negative	small	descriptive spatial correspondence without statistical support	matrix_or_descriptive_summary_only	False	True	-0.3494897959183673	-0.1385714285714285	False	The neurogenesis migration layering–clinical schizophrenia correspondence is presented descriptively and is not interpreted as statistically supported.	False	False	no_nested_LH46_BH_FDR_support
oligodendrocyte_myelination	clinical_adhd	clinical	-0.0222471681942213	0.8859114088591141	0.9708618179277964	0.9708618179277964	1.0	1.0	-0.0222471681942213	0.8841115888411158	0.9817396638714506	0.9817396638714506	1.0	1.0	-0.0602602854150112	0.7010298970102989	0.937114921601365	-0.0602602854150111	0.7164283571642835	0.9658041288069776	-0.0280436780723488	-0.0054087152031822	-0.2037963068066977	0.070823553792613	0.1148231991890018	0.0054087152031822	0.1815491386124764	3	0.6	False	donor_sensitive	True	False	False	False	False	False	False	False	True	-0.0380131172207899	no_corrected_spatial_support	LH46_direction_concordant_not_nominal	no_corrected_spatial_support;LODO_3of5_direction;LH46_direction_concordant_not_nominal	False	20.0	Tier3B_descriptive	4	Tier 3B — descriptive spatial correspondence	no_statistical_support	negative	very_small	descriptive spatial correspondence without statistical support	matrix_or_descriptive_summary_only	False	False	-0.2037963068066977	0.070823553792613	False	The oligodendrocyte myelination–clinical adhd correspondence is presented descriptively and is not interpreted as statistically supported.	False	False	no_nested_LH46_BH_FDR_support
oligodendrocyte_myelination	clinical_asd	clinical	0.151954281840347	0.3136686331366863	0.8664939957617142	0.7194994786235663	1.0	1.0	0.151954281840347	0.3012698730126987	0.9636683390484482	0.8291100714489954	1.0	1.0	0.1416764335703998	0.3676632336766323	0.893990600939906	0.1416764335703998	0.3795620437956204	0.9658041288069776	0.1424022866890666	0.1378712120660234	0.0239820391084496	0.2813552417957264	0.095344406007388	0.0239820391084496	0.1294009599553794	5	1.0	True	direction_stable_moderate_effect_variation	True	False	False	False	False	False	False	False	True	-0.0102778482699472	no_corrected_spatial_support	LH46_direction_concordant_not_nominal	no_corrected_spatial_support;LODO_5of5_direction;LH46_direction_concordant_not_nominal	False	20.0	Tier3B_descriptive	4	Tier 3B — descriptive spatial correspondence	no_statistical_support	positive	very_small	descriptive spatial correspondence without statistical support	matrix_or_descriptive_summary_only	False	True	0.0239820391084496	0.2813552417957264	False	The oligodendrocyte myelination–clinical asd correspondence is presented descriptively and is not interpreted as statistically supported.	False	False	no_nested_LH46_BH_FDR_support
oligodendrocyte_myelination	clinical_bipolar	clinical	0.046734693877551	0.7549245075492451	0.9490300969903008	0.9163789503402602	1.0	1.0	0.046734693877551	0.7505249475052495	0.9817396638714506	0.958257115464924	1.0	1.0	0.0244835029293863	0.8731126887311269	0.962373561301588	0.0244835029293863	0.8718128187181282	0.97434700974347	0.0362653061224489	-0.0110204081632653	-0.1376530612244897	0.1915306122448979	0.14494086386923	0.0110204081632653	0.1843877551020407	2	0.4	False	donor_sensitive	True	False	False	False	False	False	False	False	True	-0.0222511909481646	no_corrected_spatial_support	LH46_direction_concordant_not_nominal	no_corrected_spatial_support;LODO_2of5_direction;LH46_direction_concordant_not_nominal	False	20.0	Tier3B_descriptive	4	Tier 3B — descriptive spatial correspondence	no_statistical_support	positive	very_small	descriptive spatial correspondence without statistical support	matrix_or_descriptive_summary_only	False	False	-0.1376530612244897	0.1915306122448979	False	The oligodendrocyte myelination–clinical bipolar correspondence is presented descriptively and is not interpreted as statistically supported.	False	False	no_nested_LH46_BH_FDR_support
oligodendrocyte_myelination	clinical_depression	clinical	0.2326530612244897	0.1141885811418858	0.5706096057060961	0.5230588052305881	1.0	1.0	0.2326530612244897	0.1147885211478852	0.76436800764368	0.6069981237170401	1.0	1.0	0.2185013876040703	0.1538846115388461	0.6839316068393161	0.2185013876040703	0.1640835916408359	0.8354164583541646	0.1816326530612245	0.1823469387755101	0.1290816326530612	0.2465306122448979	0.0426871019323978	0.1290816326530612	0.1035714285714284	5	1.0	True	direction_stable_moderate_effect_variation	True	False	False	False	False	False	False	False	True	-0.0141516736204193	no_corrected_spatial_support	LH46_direction_concordant_not_nominal	no_corrected_spatial_support;LODO_5of5_direction;LH46_direction_concordant_not_nominal	False	20.0	Tier3B_descriptive	4	Tier 3B — descriptive spatial correspondence	no_statistical_support	positive	small	descriptive spatial correspondence without statistical support	matrix_or_descriptive_summary_only	False	True	0.1290816326530612	0.2465306122448979	False	The oligodendrocyte myelination–clinical depression correspondence is presented descriptively and is not interpreted as statistically supported.	False	False	no_nested_LH46_BH_FDR_support
oligodendrocyte_myelination	clinical_epilepsy	clinical	-0.263469387755102	0.065993400659934	0.47995200479952	0.47995200479952	1.0	1.0	-0.263469387755102	0.0441955804419558	0.51994800519948	0.454954504549545	1.0	1.0	-0.2670983657107615	0.0764923507649235	0.4588112617309698	-0.2670983657107617	0.0590940905909409	0.6303369663033697	-0.2178367346938775	-0.1941836734693877	-0.3626530612244897	-0.121938775510204	0.0951464926331575	0.121938775510204	0.1415306122448979	5	1.0	True	direction_stable_moderate_effect_variation	True	False	False	False	False	False	False	False	True	-0.0036289779556595	no_corrected_spatial_support	LH46_direction_concordant_not_nominal	no_corrected_spatial_support;LODO_5of5_direction;LH46_direction_concordant_not_nominal	False	20.0	Tier3B_descriptive	4	Tier 3B — descriptive spatial correspondence	no_statistical_support	negative	small	descriptive spatial correspondence without statistical support	matrix_or_descriptive_summary_only	False	True	-0.3626530612244897	-0.121938775510204	False	The oligodendrocyte myelination–clinical epilepsy correspondence is presented descriptively and is not interpreted as statistically supported.	False	False	no_nested_LH46_BH_FDR_support
oligodendrocyte_myelination	clinical_ocd	clinical	0.2321428571428571	0.1093890610938906	0.5645887024200805	0.5230588052305881	1.0	1.0	0.2321428571428571	0.1266873312668733	0.76436800764368	0.6069981237170401	1.0	1.0	0.2605612087573234	0.0787921207879212	0.4588112617309698	0.2605612087573234	0.0807919208079192	0.7027445403607787	0.2033061224489795	0.211734693877551	0.0874489795918367	0.2803061224489795	0.0783813497268721	0.0874489795918367	0.1446938775510203	5	1.0	True	direction_stable_moderate_effect_variation	True	False	False	False	False	False	False	False	True	0.0284183516144663	no_corrected_spatial_support	LH46_direction_concordant_not_nominal	no_corrected_spatial_support;LODO_5of5_direction;LH46_direction_concordant_not_nominal	False	20.0	Tier3B_descriptive	4	Tier 3B — descriptive spatial correspondence	no_statistical_support	positive	small	descriptive spatial correspondence without statistical support	matrix_or_descriptive_summary_only	False	True	0.0874489795918367	0.2803061224489795	False	The oligodendrocyte myelination–clinical ocd correspondence is presented descriptively and is not interpreted as statistically supported.	False	False	no_nested_LH46_BH_FDR_support
oligodendrocyte_myelination	clinical_parkinsons	clinical	-0.0039795918367346	0.9792020797920208	0.9895010498950104	0.9894010598940106	1.0	1.0	-0.0039795918367347	0.9805019498050196	0.9917008299170084	0.988001199880012	1.0	1.0	0.044218316373728	0.7805219478052194	0.937114921601365	0.044218316373728	0.7792220777922207	0.9658041288069776	0.006734693877551	-0.020204081632653	-0.0427551020408163	0.1257142857142857	0.0679248932917555	0.0040816326530612	0.1296938775510204	4	0.8	False	mostly_direction_stable	True	False	False	False	False	False	False	False	False	0.0481979082104626	no_corrected_spatial_support	LH46_direction_discordant	no_corrected_spatial_support;LODO_4of5_direction;LH46_direction_discordant	False	20.0	Tier3B_descriptive	4	Tier 3B — descriptive spatial correspondence	no_statistical_support	negative	very_small	descriptive spatial correspondence without statistical support	matrix_or_descriptive_summary_only	False	False	-0.0427551020408163	0.1257142857142857	False	The oligodendrocyte myelination–clinical parkinsons correspondence is presented descriptively and is not interpreted as statistically supported.	False	False	no_nested_LH46_BH_FDR_support
oligodendrocyte_myelination	clinical_schizophrenia	clinical	0.1393877551020408	0.3582641735826417	0.8664939957617142	0.7194994786235663	1.0	1.0	0.1393877551020408	0.340965903409659	0.9636683390484482	0.8291100714489954	1.0	1.0	0.1438791242676534	0.3620637936206379	0.893990600939906	0.1438791242676534	0.3608639136086391	0.9658041288069776	0.1209795918367346	0.1405102040816326	0.0138775510204081	0.2253061224489796	0.10117568462177	0.0138775510204081	0.1255102040816326	5	1.0	True	direction_stable_moderate_effect_variation	True	False	False	False	False	False	False	False	True	0.0044913691656126	no_corrected_spatial_support	LH46_direction_concordant_not_nominal	no_corrected_spatial_support;LODO_5of5_direction;LH46_direction_concordant_not_nominal	False	20.0	Tier3B_descriptive	4	Tier 3B — descriptive spatial correspondence	no_statistical_support	positive	very_small	descriptive spatial correspondence without statistical support	matrix_or_descriptive_summary_only	False	True	0.0138775510204081	0.2253061224489796	False	The oligodendrocyte myelination–clinical schizophrenia correspondence is presented descriptively and is not interpreted as statistically supported.	False	False	no_nested_LH46_BH_FDR_support
patterning_arealization	clinical_adhd	clinical	-0.0988876421110115	0.5976402359764024	0.9082865298375824	0.8243313599674515	1.0	1.0	-0.0988876421110116	0.6564343565643436	0.9817396638714506	0.9054266987094396	1.0	1.0	-0.065564670825135	0.7396260373962604	0.937114921601365	-0.0655646708251349	0.7815218478152185	0.9658041288069776	-0.0765996534246907	-0.0485763855983916	-0.1877742636576484	-0.0156138382280544	0.0692401089859497	0.0156138382280544	0.0888866215466368	5	1.0	True	direction_and_effect_size_stable	True	False	False	False	False	False	False	False	True	0.0333229712858765	no_corrected_spatial_support	LH46_direction_concordant_not_nominal	no_corrected_spatial_support;LODO_5of5_direction;LH46_direction_concordant_not_nominal	False	20.0	Tier3B_descriptive	4	Tier 3B — descriptive spatial correspondence	no_statistical_support	negative	very_small	descriptive spatial correspondence without statistical support	matrix_or_descriptive_summary_only	False	True	-0.1877742636576484	-0.0156138382280544	False	The patterning arealization–clinical adhd correspondence is presented descriptively and is not interpreted as statistically supported.	False	False	no_nested_LH46_BH_FDR_support
patterning_arealization	clinical_bipolar	clinical	0.1442857142857142	0.3811618838116188	0.8664939957617142	0.7194994786235663	1.0	1.0	0.1442857142857142	0.4498550144985501	0.9636683390484482	0.8291100714489954	1.0	1.0	0.1958063521430773	0.2688731126887311	0.893990600939906	0.1958063521430774	0.3172682731726827	0.9658041288069776	0.1122653061224489	0.1609183673469387	-0.023469387755102	0.2374489795918367	0.1267628998485327	0.0231632653061224	0.1677551020408162	3	0.6	False	donor_sensitive	True	False	False	False	False	False	False	False	True	0.051520637857363	no_corrected_spatial_support	LH46_direction_concordant_not_nominal	no_corrected_spatial_support;LODO_3of5_direction;LH46_direction_concordant_not_nominal	False	20.0	Tier3B_descriptive	4	Tier 3B — descriptive spatial correspondence	no_statistical_support	positive	very_small	descriptive spatial correspondence without statistical support	matrix_or_descriptive_summary_only	False	False	-0.023469387755102	0.2374489795918367	False	The patterning arealization–clinical bipolar correspondence is presented descriptively and is not interpreted as statistically supported.	False	False	no_nested_LH46_BH_FDR_support
patterning_arealization	clinical_depression	clinical	-0.2065306122448979	0.2105789421057894	0.7657416076574161	0.7019298070192981	1.0	1.0	-0.2065306122448979	0.2621737826217378	0.9636683390484482	0.8291100714489954	1.0	1.0	-0.2407030527289546	0.1742825717428257	0.7338213547066347	-0.2407030527289546	0.2341765823417658	0.9658041288069776	-0.1883877551020408	-0.2291836734693877	-0.3623469387755101	0.0246938775510204	0.1528544249233854	0.0246938775510204	0.2312244897959183	4	0.8	False	mostly_direction_stable	True	False	False	False	False	False	False	False	True	-0.0341724404840566	no_corrected_spatial_support	LH46_direction_concordant_not_nominal	no_corrected_spatial_support;LODO_4of5_direction;LH46_direction_concordant_not_nominal	False	20.0	Tier3B_descriptive	4	Tier 3B — descriptive spatial correspondence	no_statistical_support	negative	small	descriptive spatial correspondence without statistical support	matrix_or_descriptive_summary_only	False	False	-0.3623469387755101	0.0246938775510204	False	The patterning arealization–clinical depression correspondence is presented descriptively and is not interpreted as statistically supported.	False	False	no_nested_LH46_BH_FDR_support
patterning_arealization	clinical_epilepsy	clinical	0.1349999999999999	0.3683631636836316	0.8664939957617142	0.7194994786235663	1.0	1.0	0.1349999999999999	0.4480551944805519	0.9636683390484482	0.8291100714489954	1.0	1.0	0.2148011100832562	0.2142785721427857	0.8162993224487075	0.2148011100832562	0.3076692330766923	0.9658041288069776	0.1315918367346938	0.1743877551020408	0.0353061224489795	0.2189795918367346	0.0884065933020569	0.0353061224489795	0.0996938775510203	5	1.0	True	direction_and_effect_size_stable	True	False	False	False	False	False	False	False	True	0.0798011100832563	no_corrected_spatial_support	LH46_direction_concordant_not_nominal	no_corrected_spatial_support;LODO_5of5_direction;LH46_direction_concordant_not_nominal	False	20.0	Tier3B_descriptive	4	Tier 3B — descriptive spatial correspondence	no_statistical_support	positive	very_small	descriptive spatial correspondence without statistical support	matrix_or_descriptive_summary_only	False	True	0.0353061224489795	0.2189795918367346	False	The patterning arealization–clinical epilepsy correspondence is presented descriptively and is not interpreted as statistically supported.	False	False	no_nested_LH46_BH_FDR_support
patterning_arealization	clinical_ocd	clinical	0.0161224489795918	0.9294070592940706	0.9895010498950104	0.9844278730021736	1.0	1.0	0.0161224489795918	0.9447055294470552	0.9917008299170084	0.988001199880012	1.0	1.0	-0.0242368177613321	0.8962103789621038	0.962373561301588	-0.024236817761332	0.9182081791820818	0.9816236919354422	-0.0199795918367346	-0.0203061224489795	-0.0588775510204081	0.0206122448979591	0.0338593662775117	0.0060204081632653	0.0749999999999999	2	0.4	False	donor_sensitive	True	False	False	False	False	False	False	False	False	-0.0403592667409238	no_corrected_spatial_support	LH46_direction_discordant	no_corrected_spatial_support;LODO_2of5_direction;LH46_direction_discordant	False	20.0	Tier3B_descriptive	4	Tier 3B — descriptive spatial correspondence	no_statistical_support	positive	very_small	descriptive spatial correspondence without statistical support	matrix_or_descriptive_summary_only	False	False	-0.0588775510204081	0.0206122448979591	False	The patterning arealization–clinical ocd correspondence is presented descriptively and is not interpreted as statistically supported.	False	False	no_nested_LH46_BH_FDR_support
patterning_arealization	clinical_parkinsons	clinical	-0.2601020408163265	0.0891910808919108	0.54216800542168	0.5096633193823475	1.0	1.0	-0.2601020408163265	0.128987101289871	0.76436800764368	0.6069981237170401	1.0	1.0	-0.3022510021584952	0.0732926707329267	0.4588112617309698	-0.3022510021584952	0.1026897310268973	0.7027445403607787	-0.2439591836734693	-0.256734693877551	-0.4059183673469387	-0.0823469387755102	0.1211687195631904	0.0823469387755102	0.1777551020408163	5	1.0	True	direction_stable_moderate_effect_variation	True	False	False	False	False	False	False	False	True	-0.0421489613421687	no_corrected_spatial_support	LH46_direction_concordant_not_nominal	no_corrected_spatial_support;LODO_5of5_direction;LH46_direction_concordant_not_nominal	False	20.0	Tier3B_descriptive	4	Tier 3B — descriptive spatial correspondence	no_statistical_support	negative	small	descriptive spatial correspondence without statistical support	matrix_or_descriptive_summary_only	False	True	-0.4059183673469387	-0.0823469387755102	False	The patterning arealization–clinical parkinsons correspondence is presented descriptively and is not interpreted as statistically supported.	False	False	no_nested_LH46_BH_FDR_support
patterning_arealization	clinical_schizophrenia	clinical	0.0037755102040816	0.9793020697930208	0.9895010498950104	0.9894010598940106	1.0	1.0	0.0037755102040816	0.985001499850015	0.9917008299170084	0.988001199880012	1.0	1.0	-0.0095590502621029	0.957904209579042	0.9950799791815692	-0.009559050262103	0.966103389661034	0.999900009999	-0.0151836734693877	-0.0745918367346938	-0.1062244897959183	0.1301020408163265	0.1079962225726553	0.070204081632653	0.1263265306122449	2	0.4	False	donor_sensitive	True	False	False	False	False	False	False	False	False	-0.0133345604661845	no_corrected_spatial_support	LH46_direction_discordant	no_corrected_spatial_support;LODO_2of5_direction;LH46_direction_discordant	False	20.0	Tier3B_descriptive	4	Tier 3B — descriptive spatial correspondence	no_statistical_support	positive	very_small	descriptive spatial correspondence without statistical support	matrix_or_descriptive_summary_only	False	False	-0.1062244897959183	0.1301020408163265	False	The patterning arealization–clinical schizophrenia correspondence is presented descriptively and is not interpreted as statistically supported.	False	False	no_nested_LH46_BH_FDR_support
preliminary_maturation_balance	clinical_adhd	clinical	0.0593938160047561	0.7505249475052495	0.9490300969903008	0.9163789503402602	1.0	1.0	0.0593938160047561	0.7946205379462054	0.9817396638714506	0.958257115464924	1.0	1.0	-0.0269536793514431	0.8933106689331067	0.962373561301588	-0.026953679351443	0.9083091690830916	0.9816236919354422	0.0643126853027445	0.0659250947406743	-0.0075517910384054	0.1761404234092941	0.0748882355959152	0.0006123073814923	0.116746607404538	3	0.6	False	donor_sensitive	True	False	False	False	False	False	False	False	False	-0.0863474953561992	no_corrected_spatial_support	LH46_direction_discordant	no_corrected_spatial_support;LODO_3of5_direction;LH46_direction_discordant	False	20.0	Tier3B_descriptive	4	Tier 3B — descriptive spatial correspondence	no_statistical_support	positive	very_small	descriptive spatial correspondence without statistical support	matrix_or_descriptive_summary_only	False	False	-0.0075517910384054	0.1761404234092941	False	The preliminary maturation balance–clinical adhd correspondence is presented descriptively and is not interpreted as statistically supported.	False	False	no_nested_LH46_BH_FDR_support
preliminary_maturation_balance	clinical_asd	clinical	0.1533829990638291	0.4795520447955204	0.8664939957617142	0.7194994786235663	1.0	1.0	0.1533829990638291	0.5365463453654634	0.9636683390484482	0.8291100714489954	1.0	1.0	0.2116203063038929	0.3165683431656834	0.893990600939906	0.2116203063038928	0.3618638136186381	0.9658041288069776	0.160975610594334	0.1033778962419553	0.0778650886797748	0.3589141767847552	0.1191920492668758	0.0778650886797748	0.205531177720926	5	1.0	True	direction_stable_high_effect_variation	True	False	False	False	False	False	False	False	True	0.0582373072400637	no_corrected_spatial_support	LH46_direction_concordant_not_nominal	no_corrected_spatial_support;LODO_5of5_direction;LH46_direction_concordant_not_nominal	False	20.0	Tier3B_descriptive	4	Tier 3B — descriptive spatial correspondence	no_statistical_support	positive	very_small	descriptive spatial correspondence without statistical support	matrix_or_descriptive_summary_only	False	True	0.0778650886797748	0.3589141767847552	False	The preliminary maturation balance–clinical asd correspondence is presented descriptively and is not interpreted as statistically supported.	False	False	no_nested_LH46_BH_FDR_support
preliminary_maturation_balance	clinical_epilepsy	clinical	-0.2476530612244897	0.2036796320367963	0.7657416076574161	0.7019298070192981	1.0	1.0	-0.2476530612244898	0.2658734126587341	0.9636683390484482	0.8291100714489954	1.0	1.0	-0.3172987974098057	0.0802919708029197	0.4588112617309698	-0.3172987974098057	0.1297870212978702	0.7416401217021155	-0.2328979591836734	-0.1992857142857143	-0.4312244897959182	-0.1094897959183673	0.1235010416499785	0.1094897959183673	0.1835714285714284	5	1.0	True	direction_stable_moderate_effect_variation	True	False	False	False	False	False	False	False	True	-0.069645736185316	no_corrected_spatial_support	LH46_direction_concordant_not_nominal	no_corrected_spatial_support;LODO_5of5_direction;LH46_direction_concordant_not_nominal	False	20.0	Tier3B_descriptive	4	Tier 3B — descriptive spatial correspondence	no_statistical_support	negative	small	descriptive spatial correspondence without statistical support	matrix_or_descriptive_summary_only	False	True	-0.4312244897959182	-0.1094897959183673	False	The preliminary maturation balance–clinical epilepsy correspondence is presented descriptively and is not interpreted as statistically supported.	False	False	no_nested_LH46_BH_FDR_support
preliminary_maturation_balance	clinical_parkinsons	clinical	0.0275510204081632	0.8997100289971003	0.972659490807676	0.972659490807676	1.0	1.0	0.0275510204081632	0.9053094690530948	0.9817396638714506	0.9817396638714506	1.0	1.0	0.0484119642306506	0.8068193180681932	0.937114921601365	0.0484119642306505	0.8232176782321767	0.9658041288069776	0.0124897959183673	0.0275510204081632	-0.0743877551020408	0.1108163265306122	0.0792222778292601	0.0275510204081632	0.101938775510204	3	0.6	False	donor_sensitive	True	False	False	False	False	False	False	False	True	0.0208609438224873	no_corrected_spatial_support	LH46_direction_concordant_not_nominal	no_corrected_spatial_support;LODO_3of5_direction;LH46_direction_concordant_not_nominal	False	20.0	Tier3B_descriptive	4	Tier 3B — descriptive spatial correspondence	no_statistical_support	positive	very_small	descriptive spatial correspondence without statistical support	matrix_or_descriptive_summary_only	False	False	-0.0743877551020408	0.1108163265306122	False	The preliminary maturation balance–clinical parkinsons correspondence is presented descriptively and is not interpreted as statistically supported.	False	False	no_nested_LH46_BH_FDR_support
preliminary_maturation_balance	clinical_schizophrenia	clinical	-0.2092857142857143	0.3003699630036996	0.8664939957617142	0.7194994786235663	1.0	1.0	-0.2092857142857143	0.3891610838916108	0.9636683390484482	0.8291100714489954	1.0	1.0	-0.1997533148319457	0.3137686231376862	0.893990600939906	-0.1997533148319457	0.3870612938706129	0.9658041288069776	-0.1962653061224489	-0.2073469387755101	-0.2497959183673469	-0.0933673469387755	0.0633176462228237	0.0933673469387755	0.1159183673469387	5	1.0	True	direction_stable_moderate_effect_variation	True	False	False	False	False	False	False	False	True	0.0095323994537686	no_corrected_spatial_support	LH46_direction_concordant_not_nominal	no_corrected_spatial_support;LODO_5of5_direction;LH46_direction_concordant_not_nominal	False	20.0	Tier3B_descriptive	4	Tier 3B — descriptive spatial correspondence	no_statistical_support	negative	small	descriptive spatial correspondence without statistical support	matrix_or_descriptive_summary_only	False	True	-0.2497959183673469	-0.0933673469387755	False	The preliminary maturation balance–clinical schizophrenia correspondence is presented descriptively and is not interpreted as statistically supported.	False	False	no_nested_LH46_BH_FDR_support
progenitor_radial_glia	clinical_adhd	clinical	-0.2268598848429089	0.231976802319768	0.806875834155715	0.7137747763685169	1.0	1.0	-0.2268598848429089	0.3283671632836716	0.9636683390484482	0.8291100714489954	1.0	1.0	-0.1663479936174873	0.3844615538446155	0.893990600939906	-0.1663479936174873	0.4798520147985201	0.9658041288069776	-0.1970405153642324	-0.1889988784206331	-0.2533932047075767	-0.1249107058244357	0.054364645326423	0.1249107058244357	0.1019491790184731	5	1.0	True	direction_stable_moderate_effect_variation	True	False	False	False	False	False	False	False	True	0.0605118912254215	no_corrected_spatial_support	LH46_direction_concordant_not_nominal	no_corrected_spatial_support;LODO_5of5_direction;LH46_direction_concordant_not_nominal	False	20.0	Tier3B_descriptive	4	Tier 3B — descriptive spatial correspondence	no_statistical_support	negative	small	descriptive spatial correspondence without statistical support	matrix_or_descriptive_summary_only	False	True	-0.2533932047075767	-0.1249107058244357	False	The progenitor radial glia–clinical adhd correspondence is presented descriptively and is not interpreted as statistically supported.	False	False	no_nested_LH46_BH_FDR_support
progenitor_radial_glia	clinical_asd	clinical	0.0192876825170084	0.9352064793520648	0.9895010498950104	0.9844278730021736	1.0	1.0	0.0192876825170084	0.9414058594140586	0.9917008299170084	0.988001199880012	1.0	1.0	0.0008018257015303	0.9972002799720028	1.0	0.0008018257015303	0.997000299970003	0.999900009999	0.002632921740417	-0.0044902541309437	-0.110827636050112	0.1018471277882245	0.0932188246097065	0.0044902541309437	0.1301153185671204	2	0.4	False	donor_sensitive	True	False	False	False	False	False	False	False	True	-0.018485856815478	no_corrected_spatial_support	LH46_direction_concordant_not_nominal	no_corrected_spatial_support;LODO_2of5_direction;LH46_direction_concordant_not_nominal	False	20.0	Tier3B_descriptive	4	Tier 3B — descriptive spatial correspondence	no_statistical_support	positive	very_small	descriptive spatial correspondence without statistical support	matrix_or_descriptive_summary_only	False	False	-0.110827636050112	0.1018471277882245	False	The progenitor radial glia–clinical asd correspondence is presented descriptively and is not interpreted as statistically supported.	False	False	no_nested_LH46_BH_FDR_support
progenitor_radial_glia	clinical_bipolar	clinical	-0.1622448979591837	0.4061593840615938	0.8664939957617142	0.7194994786235663	1.0	1.0	-0.1622448979591836	0.4925507449255074	0.9636683390484482	0.8291100714489954	1.0	1.0	-0.1000925069380204	0.5936406359364064	0.937114921601365	-0.1000925069380202	0.6546345365463454	0.9658041288069776	-0.1606938775510203	-0.163469387755102	-0.3063265306122448	-0.0649999999999999	0.0983723059551083	0.0649999999999999	0.1440816326530612	5	1.0	True	direction_stable_moderate_effect_variation	True	False	False	False	False	False	False	False	True	0.0621523910211633	no_corrected_spatial_support	LH46_direction_concordant_not_nominal	no_corrected_spatial_support;LODO_5of5_direction;LH46_direction_concordant_not_nominal	False	20.0	Tier3B_descriptive	4	Tier 3B — descriptive spatial correspondence	no_statistical_support	negative	very_small	descriptive spatial correspondence without statistical support	matrix_or_descriptive_summary_only	False	True	-0.3063265306122448	-0.0649999999999999	False	The progenitor radial glia–clinical bipolar correspondence is presented descriptively and is not interpreted as statistically supported.	False	False	no_nested_LH46_BH_FDR_support
progenitor_radial_glia	clinical_depression	clinical	-0.3301020408163264	0.0786921307869213	0.5074692530746925	0.4842592663810541	1.0	0.9976002399760024	-0.3301020408163264	0.1242875712428757	0.76436800764368	0.6069981237170401	1.0	1.0	-0.3306197964847363	0.0642935706429357	0.4500419523265065	-0.3306197964847363	0.1030896910308969	0.7027445403607787	-0.3364897959183673	-0.3739795918367346	-0.4292857142857142	-0.2096938775510204	0.1027231168426118	0.2096938775510204	0.1204081632653059	5	1.0	True	direction_stable_moderate_effect_variation	True	False	False	False	False	False	False	False	True	-0.0005177556684098	no_corrected_spatial_support	LH46_direction_concordant_not_nominal	no_corrected_spatial_support;LODO_5of5_direction;LH46_direction_concordant_not_nominal	False	20.0	Tier3B_descriptive	4	Tier 3B — descriptive spatial correspondence	no_statistical_support	negative	small	descriptive spatial correspondence without statistical support	matrix_or_descriptive_summary_only	False	True	-0.4292857142857142	-0.2096938775510204	False	The progenitor radial glia–clinical depression correspondence is presented descriptively and is not interpreted as statistically supported.	False	False	no_nested_LH46_BH_FDR_support
progenitor_radial_glia	clinical_epilepsy	clinical	-0.0332653061224489	0.8855114488551145	0.9708618179277964	0.9708618179277964	1.0	1.0	-0.0332653061224489	0.9081091890810918	0.9817396638714506	0.9817396638714506	1.0	1.0	-0.0226333641689793	0.9096090390960904	0.9702496417024964	-0.0226333641689793	0.9242075792420756	0.9816236919354422	-0.0087142857142857	0.0268367346938775	-0.1337755102040816	0.0977551020408163	0.0970696914056476	0.0268367346938775	0.1310204081632652	2	0.4	False	donor_sensitive	True	False	False	False	False	False	False	False	True	0.0106319419534696	no_corrected_spatial_support	LH46_direction_concordant_not_nominal	no_corrected_spatial_support;LODO_2of5_direction;LH46_direction_concordant_not_nominal	False	20.0	Tier3B_descriptive	4	Tier 3B — descriptive spatial correspondence	no_statistical_support	negative	very_small	descriptive spatial correspondence without statistical support	matrix_or_descriptive_summary_only	False	False	-0.1337755102040816	0.0977551020408163	False	The progenitor radial glia–clinical epilepsy correspondence is presented descriptively and is not interpreted as statistically supported.	False	False	no_nested_LH46_BH_FDR_support
progenitor_radial_glia	clinical_ocd	clinical	0.0462244897959183	0.7789221077892211	0.9586733634328876	0.9163789503402602	1.0	1.0	0.0462244897959183	0.8145185481451854	0.9817396638714506	0.958257115464924	1.0	1.0	0.0471785383903793	0.7783221677832217	0.937114921601365	0.0471785383903792	0.8123187681231877	0.9658041288069776	0.0177551020408163	0.0245918367346938	-0.0681632653061224	0.1041836734693877	0.0630958890261085	0.0082653061224489	0.1143877551020407	3	0.6	False	donor_sensitive	True	False	False	False	False	False	False	False	True	0.000954048594461	no_corrected_spatial_support	LH46_direction_concordant_not_nominal	no_corrected_spatial_support;LODO_3of5_direction;LH46_direction_concordant_not_nominal	False	20.0	Tier3B_descriptive	4	Tier 3B — descriptive spatial correspondence	no_statistical_support	positive	very_small	descriptive spatial correspondence without statistical support	matrix_or_descriptive_summary_only	False	False	-0.0681632653061224	0.1041836734693877	False	The progenitor radial glia–clinical ocd correspondence is presented descriptively and is not interpreted as statistically supported.	False	False	no_nested_LH46_BH_FDR_support
progenitor_radial_glia	clinical_parkinsons	clinical	0.1612244897959183	0.4764523547645235	0.8664939957617142	0.7194994786235663	1.0	1.0	0.1612244897959183	0.5409459054094591	0.9636683390484482	0.8291100714489954	1.0	1.0	0.1347517730496453	0.5126487351264873	0.9277472252774724	0.1347517730496453	0.5704429557044296	0.9658041288069776	0.1292653061224489	0.0960204081632652	0.0548979591836734	0.2351020408163265	0.0796840582939215	0.0548979591836734	0.1063265306122448	5	1.0	True	direction_stable_moderate_effect_variation	True	False	False	False	False	False	False	False	True	-0.0264727167462729	no_corrected_spatial_support	LH46_direction_concordant_not_nominal	no_corrected_spatial_support;LODO_5of5_direction;LH46_direction_concordant_not_nominal	False	20.0	Tier3B_descriptive	4	Tier 3B — descriptive spatial correspondence	no_statistical_support	positive	very_small	descriptive spatial correspondence without statistical support	matrix_or_descriptive_summary_only	False	True	0.0548979591836734	0.2351020408163265	False	The progenitor radial glia–clinical parkinsons correspondence is presented descriptively and is not interpreted as statistically supported.	False	False	no_nested_LH46_BH_FDR_support
progenitor_radial_glia	clinical_schizophrenia	clinical	0.1874489795918367	0.3999600039996	0.8664939957617142	0.7194994786235663	1.0	1.0	0.1874489795918366	0.4983501649835016	0.9636683390484482	0.8291100714489954	1.0	1.0	0.1658341042244834	0.4147585241475852	0.893990600939906	0.1658341042244835	0.4936506349365063	0.9658041288069776	0.1896938775510204	0.2092857142857142	0.0873469387755102	0.2527551020408163	0.062562463580245	0.0873469387755102	0.1001020408163264	5	1.0	True	direction_stable_moderate_effect_variation	True	False	False	False	False	False	False	False	True	-0.0216148753673533	no_corrected_spatial_support	LH46_direction_concordant_not_nominal	no_corrected_spatial_support;LODO_5of5_direction;LH46_direction_concordant_not_nominal	False	20.0	Tier3B_descriptive	4	Tier 3B — descriptive spatial correspondence	no_statistical_support	positive	very_small	descriptive spatial correspondence without statistical support	matrix_or_descriptive_summary_only	False	True	0.0873469387755102	0.2527551020408163	False	The progenitor radial glia–clinical schizophrenia correspondence is presented descriptively and is not interpreted as statistically supported.	False	False	no_nested_LH46_BH_FDR_support
synaptic_assembly_receptor_trafficking	clinical_adhd	clinical	-0.0343912645938193	0.8484151584841516	0.9708618179277964	0.957087389852564	1.0	1.0	-0.0343912645938192	0.8454154584541546	0.9817396638714506	0.9766910632880376	1.0	1.0	-0.0346018629660402	0.8417158284171583	0.9484122010334178	-0.0346018629660401	0.8475152484751525	0.9658041288069776	-0.0227166038533655	-0.0266353710949164	-0.1071537917611581	0.055413818025056	0.0595245939352857	0.0032656393679591	0.0898050826188752	3	0.6	False	donor_sensitive	True	False	False	False	False	False	False	False	True	-0.0002105983722209	no_corrected_spatial_support	LH46_direction_concordant_not_nominal	no_corrected_spatial_support;LODO_3of5_direction;LH46_direction_concordant_not_nominal	False	20.0	Tier3B_descriptive	4	Tier 3B — descriptive spatial correspondence	no_statistical_support	negative	very_small	descriptive spatial correspondence without statistical support	matrix_or_descriptive_summary_only	False	False	-0.1071537917611581	0.055413818025056	False	The synaptic assembly receptor trafficking–clinical adhd correspondence is presented descriptively and is not interpreted as statistically supported.	False	False	no_nested_LH46_BH_FDR_support
synaptic_assembly_receptor_trafficking	clinical_bipolar	clinical	0.1491836734693876	0.5174482551744826	0.8678719756890291	0.7262431651571685	1.0	1.0	0.1491836734693877	0.573042695730427	0.9636683390484482	0.8291100714489954	1.0	1.0	0.1421523280912734	0.5532446755324467	0.9277472252774724	0.1421523280912734	0.6089391060893911	0.9658041288069776	0.1063265306122448	0.1118367346938775	-0.0637755102040816	0.2225510204081632	0.1205843790110244	0.0453061224489795	0.2129591836734693	4	0.8	False	mostly_direction_stable	True	False	False	False	False	False	False	False	True	-0.0070313453781142	no_corrected_spatial_support	LH46_direction_concordant_not_nominal	no_corrected_spatial_support;LODO_4of5_direction;LH46_direction_concordant_not_nominal	False	20.0	Tier3B_descriptive	4	Tier 3B — descriptive spatial correspondence	no_statistical_support	positive	very_small	descriptive spatial correspondence without statistical support	matrix_or_descriptive_summary_only	False	False	-0.0637755102040816	0.2225510204081632	False	The synaptic assembly receptor trafficking–clinical bipolar correspondence is presented descriptively and is not interpreted as statistically supported.	False	False	no_nested_LH46_BH_FDR_support
synaptic_assembly_receptor_trafficking	clinical_depression	clinical	-0.2799999999999999	0.2092790720927907	0.7657416076574161	0.7019298070192981	1.0	1.0	-0.2799999999999999	0.3318668133186681	0.9636683390484482	0.8291100714489954	1.0	1.0	-0.2479802651865556	0.2924707529247075	0.893990600939906	-0.2479802651865556	0.4232576742325767	0.9658041288069776	-0.2606122448979591	-0.328469387755102	-0.3503061224489795	-0.1255102040816326	0.1060499654345993	0.1255102040816326	0.1544897959183672	5	1.0	True	direction_stable_moderate_effect_variation	True	False	False	False	False	False	False	False	True	0.0320197348134443	no_corrected_spatial_support	LH46_direction_concordant_not_nominal	no_corrected_spatial_support;LODO_5of5_direction;LH46_direction_concordant_not_nominal	False	20.0	Tier3B_descriptive	4	Tier 3B — descriptive spatial correspondence	no_statistical_support	negative	small	descriptive spatial correspondence without statistical support	matrix_or_descriptive_summary_only	False	True	-0.3503061224489795	-0.1255102040816326	False	The synaptic assembly receptor trafficking–clinical depression correspondence is presented descriptively and is not interpreted as statistically supported.	False	False	no_nested_LH46_BH_FDR_support
synaptic_assembly_receptor_trafficking	clinical_epilepsy	clinical	0.2891836734693877	0.3102689731026897	0.8664939957617142	0.7194994786235663	1.0	1.0	0.2891836734693877	0.4136586341365863	0.9636683390484482	0.8291100714489954	1.0	1.0	0.249213691026827	0.4186581341865813	0.893990600939906	0.2492136910268269	0.5022497750224978	0.9658041288069776	0.2610816326530612	0.2595918367346939	0.2125510204081632	0.3186734693877551	0.0399891046177574	0.2125510204081632	0.0766326530612244	5	1.0	True	direction_and_effect_size_stable	True	False	False	False	False	False	False	False	True	-0.0399699824425607	no_corrected_spatial_support	LH46_direction_concordant_not_nominal	no_corrected_spatial_support;LODO_5of5_direction;LH46_direction_concordant_not_nominal	False	20.0	Tier3B_descriptive	4	Tier 3B — descriptive spatial correspondence	no_statistical_support	positive	small	descriptive spatial correspondence without statistical support	matrix_or_descriptive_summary_only	False	True	0.2125510204081632	0.3186734693877551	False	The synaptic assembly receptor trafficking–clinical epilepsy correspondence is presented descriptively and is not interpreted as statistically supported.	False	False	no_nested_LH46_BH_FDR_support
synaptic_assembly_receptor_trafficking	clinical_ocd	clinical	-0.0471428571428571	0.775022497750225	0.9586733634328876	0.9163789503402602	1.0	1.0	-0.0471428571428571	0.8047195280471953	0.9817396638714506	0.958257115464924	1.0	1.0	-0.0852913968547641	0.6098390160983902	0.937114921601365	-0.085291396854764	0.6478352164783522	0.9658041288069776	-0.0475306122448979	-0.0221428571428571	-0.1703061224489795	0.0533673469387755	0.0833729796013881	0.018469387755102	0.1231632653061224	4	0.8	False	mostly_direction_stable	True	False	False	False	False	False	False	False	True	-0.038148539711907	no_corrected_spatial_support	LH46_direction_concordant_not_nominal	no_corrected_spatial_support;LODO_4of5_direction;LH46_direction_concordant_not_nominal	False	20.0	Tier3B_descriptive	4	Tier 3B — descriptive spatial correspondence	no_statistical_support	negative	very_small	descriptive spatial correspondence without statistical support	matrix_or_descriptive_summary_only	False	False	-0.1703061224489795	0.0533673469387755	False	The synaptic assembly receptor trafficking–clinical ocd correspondence is presented descriptively and is not interpreted as statistically supported.	False	False	no_nested_LH46_BH_FDR_support
synaptic_assembly_receptor_trafficking	clinical_parkinsons	clinical	-0.3227551020408163	0.2314768523147685	0.806875834155715	0.7137747763685169	1.0	0.9986001399860014	-0.3227551020408162	0.3062693730626937	0.9636683390484482	0.8291100714489954	1.0	1.0	-0.3935245143385754	0.1238876112388761	0.6006672060066721	-0.3935245143385754	0.1884811518848115	0.91384800913848	-0.2479591836734693	-0.1994897959183673	-0.3961224489795918	-0.0890816326530612	0.1366103226635005	0.0890816326530612	0.2336734693877549	5	1.0	True	direction_stable_high_effect_variation	True	False	False	False	False	False	False	False	True	-0.070769412297759	no_corrected_spatial_support	LH46_direction_concordant_not_nominal	no_corrected_spatial_support;LODO_5of5_direction;LH46_direction_concordant_not_nominal	False	20.0	Tier3B_descriptive	4	Tier 3B — descriptive spatial correspondence	no_statistical_support	negative	small	descriptive spatial correspondence without statistical support	matrix_or_descriptive_summary_only	False	True	-0.3961224489795918	-0.0890816326530612	False	The synaptic assembly receptor trafficking–clinical parkinsons correspondence is presented descriptively and is not interpreted as statistically supported.	False	False	no_nested_LH46_BH_FDR_support
synaptic_assembly_receptor_trafficking	clinical_schizophrenia	clinical	0.0046938775510204	0.9894010598940106	0.9895010498950104	0.9894010598940106	1.0	1.0	0.0046938775510204	0.988001199880012	0.9917008299170084	0.988001199880012	1.0	1.0	0.0126426148627813	0.9682031796820318	0.9950799791815692	0.0126426148627813	0.9723027697230276	0.999900009999	-0.0110204081632653	-0.0701020408163265	-0.0918367346938775	0.1066326530612244	0.0973088264502396	0.0701020408163265	0.101938775510204	2	0.4	False	donor_sensitive	True	False	False	False	False	False	False	False	True	0.0079487373117609	no_corrected_spatial_support	LH46_direction_concordant_not_nominal	no_corrected_spatial_support;LODO_2of5_direction;LH46_direction_concordant_not_nominal	False	20.0	Tier3B_descriptive	4	Tier 3B — descriptive spatial correspondence	no_statistical_support	positive	very_small	descriptive spatial correspondence without statistical support	matrix_or_descriptive_summary_only	False	False	-0.0918367346938775	0.1066326530612244	False	The synaptic assembly receptor trafficking–clinical schizophrenia correspondence is presented descriptively and is not interpreted as statistically supported.	False	False	no_nested_LH46_BH_FDR_support
synaptic_membrane_structural_candidates	clinical_adhd	clinical	-0.1350137776190591	0.4253574642535746	0.8664939957617142	0.7194994786235663	1.0	1.0	-0.1350137776190592	0.4987501249875012	0.9636683390484482	0.8291100714489954	1.0	1.0	-0.1605501770064217	0.3314668533146685	0.893990600939906	-0.1605501770064217	0.3934606539346065	0.9658041288069776	-0.0574140221379309	-0.0813348305082314	-0.1910399030256075	0.1477701814001494	0.1340152321223772	0.009898969334126	0.2827839590192086	4	0.8	False	mostly_direction_stable	True	False	False	False	False	False	False	False	True	-0.0255363993873626	no_corrected_spatial_support	LH46_direction_concordant_not_nominal	no_corrected_spatial_support;LODO_4of5_direction;LH46_direction_concordant_not_nominal	False	20.0	Tier3B_descriptive	4	Tier 3B — descriptive spatial correspondence	no_statistical_support	negative	very_small	descriptive spatial correspondence without statistical support	matrix_or_descriptive_summary_only	False	False	-0.1910399030256075	0.1477701814001494	False	The synaptic membrane structural candidates–clinical adhd correspondence is presented descriptively and is not interpreted as statistically supported.	False	False	no_nested_LH46_BH_FDR_support
synaptic_membrane_structural_candidates	clinical_bipolar	clinical	-0.1060204081632652	0.4982501749825017	0.8664939957617142	0.7194994786235663	1.0	1.0	-0.1060204081632653	0.5175482451754825	0.9636683390484482	0.8291100714489954	1.0	1.0	-0.1225408572309588	0.4376562343765623	0.8994222528966617	-0.1225408572309589	0.4515548445155484	0.9658041288069776	-0.0919183673469387	-0.0753061224489795	-0.3242857142857142	0.1003061224489795	0.1959412109344041	0.0753061224489795	0.2182653061224489	3	0.6	False	donor_sensitive	True	False	False	False	False	False	False	False	True	-0.0165204490676935	no_corrected_spatial_support	LH46_direction_concordant_not_nominal	no_corrected_spatial_support;LODO_3of5_direction;LH46_direction_concordant_not_nominal	False	20.0	Tier3B_descriptive	4	Tier 3B — descriptive spatial correspondence	no_statistical_support	negative	very_small	descriptive spatial correspondence without statistical support	matrix_or_descriptive_summary_only	False	False	-0.3242857142857142	0.1003061224489795	False	The synaptic membrane structural candidates–clinical bipolar correspondence is presented descriptively and is not interpreted as statistically supported.	False	False	no_nested_LH46_BH_FDR_support
synaptic_membrane_structural_candidates	clinical_epilepsy	clinical	0.1297959183673469	0.4060593940605939	0.8664939957617142	0.7194994786235663	1.0	1.0	0.1297959183673469	0.4313568643135686	0.9636683390484482	0.8291100714489954	1.0	1.0	0.0993524514338575	0.5394460553944606	0.9277472252774724	0.0993524514338574	0.571042895710429	0.9658041288069776	0.1347755102040816	0.1354081632653061	0.0925510204081632	0.1585714285714285	0.0268936503625095	0.0925510204081632	0.0372448979591836	5	1.0	True	direction_and_effect_size_stable	True	False	False	False	False	False	False	False	True	-0.0304434669334894	no_corrected_spatial_support	LH46_direction_concordant_not_nominal	no_corrected_spatial_support;LODO_5of5_direction;LH46_direction_concordant_not_nominal	False	20.0	Tier3B_descriptive	4	Tier 3B — descriptive spatial correspondence	no_statistical_support	positive	very_small	descriptive spatial correspondence without statistical support	matrix_or_descriptive_summary_only	False	True	0.0925510204081632	0.1585714285714285	False	The synaptic membrane structural candidates–clinical epilepsy correspondence is presented descriptively and is not interpreted as statistically supported.	False	False	no_nested_LH46_BH_FDR_support
synaptic_membrane_structural_candidates	clinical_ocd	clinical	-0.1339795918367346	0.4065593440655934	0.8664939957617142	0.7194994786235663	1.0	1.0	-0.1339795918367346	0.4778522147785221	0.9636683390484482	0.8291100714489954	1.0	1.0	-0.1901325932778291	0.2334766523347665	0.84900600849006	-0.1901325932778291	0.2812718728127187	0.9658041288069776	-0.1347959183673469	-0.1072448979591836	-0.2514285714285714	-0.0480612244897959	0.0863173934953151	0.0480612244897959	0.1174489795918367	5	1.0	True	direction_stable_moderate_effect_variation	True	False	False	False	False	False	False	False	True	-0.0561530014410945	no_corrected_spatial_support	LH46_direction_concordant_not_nominal	no_corrected_spatial_support;LODO_5of5_direction;LH46_direction_concordant_not_nominal	False	20.0	Tier3B_descriptive	4	Tier 3B — descriptive spatial correspondence	no_statistical_support	negative	very_small	descriptive spatial correspondence without statistical support	matrix_or_descriptive_summary_only	False	True	-0.2514285714285714	-0.0480612244897959	False	The synaptic membrane structural candidates–clinical ocd correspondence is presented descriptively and is not interpreted as statistically supported.	False	False	no_nested_LH46_BH_FDR_support
synaptic_membrane_structural_candidates	clinical_parkinsons	clinical	-0.2615306122448979	0.072992700729927	0.5074692530746925	0.4842592663810541	1.0	1.0	-0.2615306122448979	0.0777922207779222	0.6511348865113489	0.5426124054261241	1.0	1.0	-0.3230958988590811	0.0293970602939706	0.3919608039196081	-0.3230958988590811	0.0294970502949705	0.471952804719528	-0.2097755102040816	-0.1611224489795918	-0.4163265306122449	0.0504081632653061	0.1921557323875075	0.0504081632653061	0.311938775510204	4	0.8	False	mostly_direction_stable	True	False	False	False	False	False	False	False	True	-0.0615652866141832	no_corrected_spatial_support	LH46_nominal_only	no_corrected_spatial_support;LODO_4of5_direction;LH46_nominal_only	False	20.0	Tier3B_descriptive	4	Tier 3B — descriptive spatial correspondence	no_statistical_support	negative	small	descriptive spatial correspondence without statistical support	matrix_or_descriptive_summary_only	False	False	-0.4163265306122449	0.0504081632653061	False	The synaptic membrane structural candidates–clinical parkinsons correspondence is presented descriptively and is not interpreted as statistically supported.	False	False	no_nested_LH46_BH_FDR_support
synaptic_membrane_structural_candidates	clinical_schizophrenia	clinical	0.2514285714285714	0.1020897910208979	0.5645887024200805	0.5230588052305881	1.0	1.0	0.2514285714285714	0.1058894110588941	0.7366219899749157	0.6069981237170401	1.0	1.0	0.265741597286463	0.0870912908709129	0.480503673770554	0.265741597286463	0.0955904409559044	0.7027445403607787	0.1965714285714285	0.1438775510204081	0.0433673469387755	0.4031632653061224	0.1436058840630356	0.0433673469387755	0.2080612244897959	5	1.0	True	direction_stable_high_effect_variation	True	False	False	False	False	False	False	False	True	0.0143130258578916	no_corrected_spatial_support	LH46_direction_concordant_not_nominal	no_corrected_spatial_support;LODO_5of5_direction;LH46_direction_concordant_not_nominal	False	20.0	Tier3B_descriptive	4	Tier 3B — descriptive spatial correspondence	no_statistical_support	positive	small	descriptive spatial correspondence without statistical support	matrix_or_descriptive_summary_only	False	True	0.0433673469387755	0.4031632653061224	False	The synaptic membrane structural candidates–clinical schizophrenia correspondence is presented descriptively and is not interpreted as statistically supported.	False	False	no_nested_LH46_BH_FDR_support
activity_dependent_plasticity	cognitive_attention	cognitive	0.3695918367346939	0.0555944405559444	0.4449078901633645	0.424684804246848	0.9985001499850016	0.953904609539046	0.3695918367346939	0.1047895210478952	0.7366219899749157	0.8383161683831617	1.0	0.992100789921008	0.3762565525747763	0.0580941905809419	0.4500419523265065	0.3762565525747763	0.1144885511448855	0.7027445403607787	0.345408163265306	0.3748979591836734	0.2083673469387754	0.451938775510204	0.0927562526589462	0.2083673469387754	0.1612244897959184	5	1.0	True	direction_stable_moderate_effect_variation	True	False	False	False	False	False	False	False	True	0.0066647158400823	no_corrected_spatial_support	LH46_direction_concordant_not_nominal	no_corrected_spatial_support;LODO_5of5_direction;LH46_direction_concordant_not_nominal	False	16.0	Tier3B_descriptive	4	Tier 3B — descriptive spatial correspondence	no_statistical_support	positive	small	descriptive spatial correspondence without statistical support	matrix_or_descriptive_summary_only	False	True	0.2083673469387754	0.451938775510204	False	The activity dependent plasticity–cognitive attention correspondence is presented descriptively and is not interpreted as statistically supported.	False	False	no_nested_LH46_BH_FDR_support
activity_dependent_plasticity	cognitive_emotion_affect	cognitive	-0.3659183673469387	0.0792920707929207	0.5074692530746925	0.5286138052861381	0.9989001099890013	0.95990400959904	-0.3659183673469386	0.1354864513548645	0.7742082934563687	0.8916441689164417	1.0	0.9936006399360064	-0.3892075238976256	0.062993700629937	0.4500419523265065	-0.3892075238976256	0.1185881411858814	0.7027445403607787	-0.333734693877551	-0.3417346938775509	-0.3897959183673469	-0.2704081632653061	0.0433948052328789	0.2704081632653061	0.0955102040816325	5	1.0	True	direction_and_effect_size_stable	True	False	False	False	False	False	False	False	True	-0.0232891565506868	no_corrected_spatial_support	LH46_direction_concordant_not_nominal	no_corrected_spatial_support;LODO_5of5_direction;LH46_direction_concordant_not_nominal	False	17.0	Tier3B_descriptive	4	Tier 3B — descriptive spatial correspondence	no_statistical_support	negative	small	descriptive spatial correspondence without statistical support	matrix_or_descriptive_summary_only	False	True	-0.3897959183673469	-0.2704081632653061	False	The activity dependent plasticity–cognitive emotion affect correspondence is presented descriptively and is not interpreted as statistically supported.	False	False	no_nested_LH46_BH_FDR_support
activity_dependent_plasticity	cognitive_executive_control	cognitive	0.0947959183673468	0.6487351264873512	0.9383409485138444	0.9563633800554372	1.0	1.0	0.0947959183673469	0.6898310168983102	0.9817396638714506	0.9790372314119938	1.0	1.0	0.1457292630280603	0.4887511248875112	0.91804773011071	0.1457292630280603	0.5451454854514548	0.9658041288069776	0.0730408163265306	0.0263265306122448	0.0054081632653061	0.1771428571428571	0.076498033882175	0.0054081632653061	0.0893877551020407	5	1.0	True	direction_and_effect_size_stable	True	False	False	False	False	False	False	False	True	0.0509333446607135	no_corrected_spatial_support	LH46_direction_concordant_not_nominal	no_corrected_spatial_support;LODO_5of5_direction;LH46_direction_concordant_not_nominal	False	20.0	Tier3B_descriptive	4	Tier 3B — descriptive spatial correspondence	no_statistical_support	positive	very_small	descriptive spatial correspondence without statistical support	matrix_or_descriptive_summary_only	False	True	0.0054081632653061	0.1771428571428571	False	The activity dependent plasticity–cognitive executive control correspondence is presented descriptively and is not interpreted as statistically supported.	False	False	no_nested_LH46_BH_FDR_support
activity_dependent_plasticity	cognitive_language	cognitive	-0.2442857142857143	0.2448755124487551	0.8336187657829962	0.9328590950428768	1.0	1.0	-0.2442857142857142	0.3190680931906809	0.9636683390484482	0.9790372314119938	1.0	1.0	-0.1690410114091889	0.460953904609539	0.8994222528966617	-0.1690410114091889	0.5297470252974702	0.9658041288069776	-0.2233673469387755	-0.2388775510204081	-0.2683673469387755	-0.1626530612244897	0.0442324282074008	0.1626530612244897	0.0816326530612244	5	1.0	True	direction_and_effect_size_stable	True	False	False	False	False	False	False	False	True	0.0752447028765254	no_corrected_spatial_support	LH46_direction_concordant_not_nominal	no_corrected_spatial_support;LODO_5of5_direction;LH46_direction_concordant_not_nominal	False	20.0	Tier3B_descriptive	4	Tier 3B — descriptive spatial correspondence	no_statistical_support	negative	small	descriptive spatial correspondence without statistical support	matrix_or_descriptive_summary_only	False	True	-0.2683673469387755	-0.1626530612244897	False	The activity dependent plasticity–cognitive language correspondence is presented descriptively and is not interpreted as statistically supported.	False	False	no_nested_LH46_BH_FDR_support
activity_dependent_plasticity	cognitive_memory	cognitive	-0.0298979591836734	0.8817118288171183	0.9708618179277964	0.9662595384297188	1.0	1.0	-0.0298979591836734	0.8943105689431057	0.9817396638714506	0.9790372314119938	1.0	1.0	-6.167129201355148e-05	1.0	1.0	-6.167129201356536e-05	0.999900009999	0.999900009999	-0.0263469387755101	-0.0723469387755102	-0.1061224489795918	0.0982653061224489	0.0959496638043784	0.0542857142857142	0.1281632653061223	3	0.6	False	donor_sensitive	True	False	False	False	False	False	False	False	True	0.0298362878916598	no_corrected_spatial_support	LH46_direction_concordant_not_nominal	no_corrected_spatial_support;LODO_3of5_direction;LH46_direction_concordant_not_nominal	False	20.0	Tier3B_descriptive	4	Tier 3B — descriptive spatial correspondence	no_statistical_support	negative	very_small	descriptive spatial correspondence without statistical support	matrix_or_descriptive_summary_only	False	False	-0.1061224489795918	0.0982653061224489	False	The activity dependent plasticity–cognitive memory correspondence is presented descriptively and is not interpreted as statistically supported.	False	False	no_nested_LH46_BH_FDR_support
activity_dependent_plasticity	cognitive_reward_motivation	cognitive	-0.1372448979591836	0.5751424857514249	0.8894495165868028	0.9563633800554372	1.0	1.0	-0.1372448979591836	0.6558344165583442	0.9817396638714506	0.9790372314119938	1.0	1.0	-0.103422756706753	0.6926307369263074	0.937114921601365	-0.103422756706753	0.7464253574642535	0.9658041288069776	-0.1271836734693877	-0.1281632653061224	-0.1908163265306122	-0.0577551020408163	0.0471654685591746	0.0577551020408163	0.0794897959183672	5	1.0	True	direction_and_effect_size_stable	True	False	False	False	False	False	False	False	True	0.0338221412524306	no_corrected_spatial_support	LH46_direction_concordant_not_nominal	no_corrected_spatial_support;LODO_5of5_direction;LH46_direction_concordant_not_nominal	False	20.0	Tier3B_descriptive	4	Tier 3B — descriptive spatial correspondence	no_statistical_support	negative	very_small	descriptive spatial correspondence without statistical support	matrix_or_descriptive_summary_only	False	True	-0.1908163265306122	-0.0577551020408163	False	The activity dependent plasticity–cognitive reward motivation correspondence is presented descriptively and is not interpreted as statistically supported.	False	False	no_nested_LH46_BH_FDR_support
activity_dependent_plasticity	cognitive_sensorimotor	cognitive	0.2939795918367346	0.1553844615538446	0.671932806719328	0.690597606905976	1.0	0.9993000699930008	0.2939795918367347	0.2395760423957604	0.9636683390484482	0.9790372314119938	1.0	1.0	0.2826395312981806	0.1924807519248075	0.7807219278072193	0.2826395312981807	0.2833716628337166	0.9658041288069776	0.2599183673469387	0.2803061224489795	0.2015306122448979	0.3110204081632652	0.0500566318184172	0.2015306122448979	0.0924489795918367	5	1.0	True	direction_and_effect_size_stable	True	False	False	False	False	False	False	False	True	-0.011340060538554	no_corrected_spatial_support	LH46_direction_concordant_not_nominal	no_corrected_spatial_support;LODO_5of5_direction;LH46_direction_concordant_not_nominal	False	20.0	Tier3B_descriptive	4	Tier 3B — descriptive spatial correspondence	no_statistical_support	positive	small	descriptive spatial correspondence without statistical support	matrix_or_descriptive_summary_only	False	True	0.2015306122448979	0.3110204081632652	False	The activity dependent plasticity–cognitive sensorimotor correspondence is presented descriptively and is not interpreted as statistically supported.	False	False	no_nested_LH46_BH_FDR_support
activity_dependent_plasticity	cognitive_social_cognition	cognitive	-0.121938775510204	0.4306569343065693	0.8664939957617142	0.9563633800554372	1.0	1.0	-0.121938775510204	0.4581541845815418	0.9636683390484482	0.9790372314119938	1.0	1.0	-0.0456984273820536	0.7771222877712228	0.937114921601365	-0.0456984273820536	0.7928207179282072	0.9658041288069776	-0.1031224489795918	-0.0975510204081632	-0.1555102040816326	-0.0682653061224489	0.0319102859177925	0.0682653061224489	0.053673469387755	5	1.0	True	direction_and_effect_size_stable	True	False	False	False	False	False	False	False	True	0.0762403481281504	no_corrected_spatial_support	LH46_direction_concordant_not_nominal	no_corrected_spatial_support;LODO_5of5_direction;LH46_direction_concordant_not_nominal	False	20.0	Tier3B_descriptive	4	Tier 3B — descriptive spatial correspondence	no_statistical_support	negative	very_small	descriptive spatial correspondence without statistical support	matrix_or_descriptive_summary_only	False	True	-0.1555102040816326	-0.0682653061224489	False	The activity dependent plasticity–cognitive social cognition correspondence is presented descriptively and is not interpreted as statistically supported.	False	False	no_nested_LH46_BH_FDR_support
astrocyte_maturation_metabolic_support	cognitive_attention	cognitive	0.003469387755102	0.9895010498950104	0.9895010498950104	0.9895010498950104	1.0	1.0	0.003469387755102	0.9917008299170084	0.9917008299170084	0.9917008299170084	1.0	1.0	0.0028985507246376	0.99010098990101	1.0	0.0028985507246376	0.9926007399260074	0.999900009999	0.0007142857142857	0.0354081632653061	-0.1695918367346938	0.1262244897959183	0.1239992635775044	0.0354081632653061	0.1730612244897958	3	0.6	False	donor_sensitive	True	False	False	False	False	False	False	False	True	-0.0005708370304643	no_corrected_spatial_support	LH46_direction_concordant_not_nominal	no_corrected_spatial_support;LODO_3of5_direction;LH46_direction_concordant_not_nominal	False	20.0	Tier3B_descriptive	4	Tier 3B — descriptive spatial correspondence	no_statistical_support	positive	very_small	descriptive spatial correspondence without statistical support	matrix_or_descriptive_summary_only	False	False	-0.1695918367346938	0.1262244897959183	False	The astrocyte maturation metabolic support–cognitive attention correspondence is presented descriptively and is not interpreted as statistically supported.	False	False	no_nested_LH46_BH_FDR_support
astrocyte_maturation_metabolic_support	cognitive_emotion_affect	cognitive	0.0096938775510204	0.971002899710029	0.9895010498950104	0.9844078883250916	1.0	1.0	0.0096938775510204	0.9772022797720228	0.9917008299170084	0.989571928883061	1.0	1.0	0.0127659574468085	0.9628037196280372	0.9950799791815692	0.0127659574468085	0.972102789721028	0.999900009999	0.0211224489795918	0.0841836734693877	-0.1327551020408163	0.1353061224489795	0.1207722573721734	0.0837755102040816	0.1424489795918367	3	0.6	False	donor_sensitive	True	False	False	False	False	False	False	False	True	0.0030720798957881	no_corrected_spatial_support	LH46_direction_concordant_not_nominal	no_corrected_spatial_support;LODO_3of5_direction;LH46_direction_concordant_not_nominal	False	20.0	Tier3B_descriptive	4	Tier 3B — descriptive spatial correspondence	no_statistical_support	positive	very_small	descriptive spatial correspondence without statistical support	matrix_or_descriptive_summary_only	False	False	-0.1327551020408163	0.1353061224489795	False	The astrocyte maturation metabolic support–cognitive emotion affect correspondence is presented descriptively and is not interpreted as statistically supported.	False	False	no_nested_LH46_BH_FDR_support
astrocyte_maturation_metabolic_support	cognitive_language	cognitive	-0.146938775510204	0.5552444755524447	0.8883911608839116	0.9563633800554372	1.0	1.0	-0.146938775510204	0.5995400459954005	0.9636683390484482	0.9790372314119938	1.0	1.0	-0.1016959605303731	0.6834316568343166	0.937114921601365	-0.1016959605303731	0.7179282071792821	0.9658041288069776	-0.1214489795918367	-0.1043877551020408	-0.2682653061224489	-0.0045918367346938	0.0966285961262905	0.0045918367346938	0.1423469387755101	5	1.0	True	direction_stable_moderate_effect_variation	True	False	False	False	False	False	False	False	True	0.0452428149798309	no_corrected_spatial_support	LH46_direction_concordant_not_nominal	no_corrected_spatial_support;LODO_5of5_direction;LH46_direction_concordant_not_nominal	False	20.0	Tier3B_descriptive	4	Tier 3B — descriptive spatial correspondence	no_statistical_support	negative	very_small	descriptive spatial correspondence without statistical support	matrix_or_descriptive_summary_only	False	True	-0.2682653061224489	-0.0045918367346938	False	The astrocyte maturation metabolic support–cognitive language correspondence is presented descriptively and is not interpreted as statistically supported.	False	False	no_nested_LH46_BH_FDR_support
astrocyte_maturation_metabolic_support	cognitive_memory	cognitive	-0.1948979591836734	0.3160683931606839	0.8664939957617142	0.9563633800554372	1.0	1.0	-0.1948979591836734	0.4000599940005999	0.9636683390484482	0.9790372314119938	1.0	1.0	-0.2066604995374653	0.2880711928807119	0.893990600939906	-0.2066604995374652	0.3661633836616338	0.9658041288069776	-0.1830816326530611	-0.1372448979591836	-0.3344897959183673	-0.0578571428571428	0.1122833283005276	0.0578571428571428	0.1395918367346939	5	1.0	True	direction_stable_moderate_effect_variation	True	False	False	False	False	False	False	False	True	-0.0117625403537919	no_corrected_spatial_support	LH46_direction_concordant_not_nominal	no_corrected_spatial_support;LODO_5of5_direction;LH46_direction_concordant_not_nominal	False	20.0	Tier3B_descriptive	4	Tier 3B — descriptive spatial correspondence	no_statistical_support	negative	very_small	descriptive spatial correspondence without statistical support	matrix_or_descriptive_summary_only	False	True	-0.3344897959183673	-0.0578571428571428	False	The astrocyte maturation metabolic support–cognitive memory correspondence is presented descriptively and is not interpreted as statistically supported.	False	False	no_nested_LH46_BH_FDR_support
astrocyte_maturation_metabolic_support	cognitive_reward_motivation	cognitive	0.0539795918367347	0.8582141785821418	0.9708618179277964	0.966125609661256	1.0	1.0	0.0539795918367346	0.8791120887911209	0.9817396638714506	0.9790372314119938	1.0	1.0	0.0986123959296947	0.7295270472952705	0.937114921601365	0.0986123959296947	0.7784221577842215	0.9658041288069776	0.0464081632653061	0.0975510204081632	-0.1571428571428571	0.1745918367346938	0.1302063487423379	0.0008163265306122	0.2111224489795917	3	0.6	False	donor_sensitive	True	False	False	False	False	False	False	False	True	0.04463280409296	no_corrected_spatial_support	LH46_direction_concordant_not_nominal	no_corrected_spatial_support;LODO_3of5_direction;LH46_direction_concordant_not_nominal	False	20.0	Tier3B_descriptive	4	Tier 3B — descriptive spatial correspondence	no_statistical_support	positive	very_small	descriptive spatial correspondence without statistical support	matrix_or_descriptive_summary_only	False	False	-0.1571428571428571	0.1745918367346938	False	The astrocyte maturation metabolic support–cognitive reward motivation correspondence is presented descriptively and is not interpreted as statistically supported.	False	False	no_nested_LH46_BH_FDR_support
astrocyte_maturation_metabolic_support	cognitive_sensorimotor	cognitive	0.258469387755102	0.2602739726027397	0.8498741962538439	0.946450809464508	1.0	1.0	0.258469387755102	0.3733626637336266	0.9636683390484482	0.9790372314119938	1.0	1.0	0.2429232192414431	0.2937706229377062	0.893990600939906	0.242923219241443	0.3986601339866013	0.9658041288069776	0.2335714285714286	0.1497959183673469	0.1307142857142857	0.3858163265306122	0.1278776837417968	0.1307142857142857	0.1277551020408162	5	1.0	True	direction_stable_moderate_effect_variation	True	False	False	False	False	False	False	False	True	-0.0155461685136588	no_corrected_spatial_support	LH46_direction_concordant_not_nominal	no_corrected_spatial_support;LODO_5of5_direction;LH46_direction_concordant_not_nominal	False	20.0	Tier3B_descriptive	4	Tier 3B — descriptive spatial correspondence	no_statistical_support	positive	small	descriptive spatial correspondence without statistical support	matrix_or_descriptive_summary_only	False	True	0.1307142857142857	0.3858163265306122	False	The astrocyte maturation metabolic support–cognitive sensorimotor correspondence is presented descriptively and is not interpreted as statistically supported.	False	False	no_nested_LH46_BH_FDR_support
astrocyte_maturation_metabolic_support	cognitive_social_cognition	cognitive	0.0251020408163265	0.8695130486951305	0.9708618179277964	0.966125609661256	1.0	1.0	0.0251020408163265	0.8903109689031097	0.9817396638714506	0.9790372314119938	1.0	1.0	0.053345667591736	0.7354264573542646	0.937114921601365	0.053345667591736	0.7821217878212179	0.9658041288069776	0.0149795918367346	0.0153061224489795	-0.0092857142857142	0.0473469387755101	0.0207307916543381	0.0059183673469387	0.0343877551020407	4	0.8	False	mostly_direction_stable	True	False	False	False	False	False	False	False	True	0.0282436267754095	no_corrected_spatial_support	LH46_direction_concordant_not_nominal	no_corrected_spatial_support;LODO_4of5_direction;LH46_direction_concordant_not_nominal	False	20.0	Tier3B_descriptive	4	Tier 3B — descriptive spatial correspondence	no_statistical_support	positive	very_small	descriptive spatial correspondence without statistical support	matrix_or_descriptive_summary_only	False	False	-0.0092857142857142	0.0473469387755101	False	The astrocyte maturation metabolic support–cognitive social cognition correspondence is presented descriptively and is not interpreted as statistically supported.	False	False	no_nested_LH46_BH_FDR_support
axon_guidance_neurite_outgrowth	cognitive_attention	cognitive	-0.1710204081632652	0.5005499450054994	0.8664939957617142	0.9563633800554372	1.0	1.0	-0.1710204081632652	0.5509449055094491	0.9636683390484482	0.9790372314119938	1.0	1.0	-0.1486894850447116	0.5408459154084592	0.9277472252774724	-0.1486894850447117	0.5924407559244076	0.9658041288069776	-0.1653877551020408	-0.1624489795918367	-0.3379591836734694	-0.0191836734693877	0.117978147088083	0.0191836734693877	0.1669387755102042	5	1.0	True	direction_stable_moderate_effect_variation	True	False	False	False	False	False	False	False	True	0.0223309231185535	no_corrected_spatial_support	LH46_direction_concordant_not_nominal	no_corrected_spatial_support;LODO_5of5_direction;LH46_direction_concordant_not_nominal	False	20.0	Tier3B_descriptive	4	Tier 3B — descriptive spatial correspondence	no_statistical_support	negative	very_small	descriptive spatial correspondence without statistical support	matrix_or_descriptive_summary_only	False	True	-0.3379591836734694	-0.0191836734693877	False	The axon guidance neurite outgrowth–cognitive attention correspondence is presented descriptively and is not interpreted as statistically supported.	False	False	no_nested_LH46_BH_FDR_support
axon_guidance_neurite_outgrowth	cognitive_emotion_affect	cognitive	0.3509183673469387	0.1304869513048695	0.6140562414346801	0.634760053406424	0.9997000299970004	0.9792020797920208	0.3509183673469387	0.2047795220477952	0.9636683390484482	0.9790372314119938	1.0	0.9971002899710028	0.331236509404872	0.1464853514648535	0.6696473209821875	0.331236509404872	0.2150784921507849	0.955904409559044	0.2883877551020408	0.2795918367346938	0.2478571428571428	0.3546938775510203	0.0398567300938949	0.2478571428571428	0.1030612244897958	5	1.0	True	direction_stable_moderate_effect_variation	True	False	False	False	False	False	False	False	True	-0.0196818579420667	no_corrected_spatial_support	LH46_direction_concordant_not_nominal	no_corrected_spatial_support;LODO_5of5_direction;LH46_direction_concordant_not_nominal	False	18.0	Tier3B_descriptive	4	Tier 3B — descriptive spatial correspondence	no_statistical_support	positive	small	descriptive spatial correspondence without statistical support	matrix_or_descriptive_summary_only	False	True	0.2478571428571428	0.3546938775510203	False	The axon guidance neurite outgrowth–cognitive emotion affect correspondence is presented descriptively and is not interpreted as statistically supported.	False	False	no_nested_LH46_BH_FDR_support
axon_guidance_neurite_outgrowth	cognitive_executive_control	cognitive	0.306938775510204	0.1348865113488651	0.6166240518805263	0.634760053406424	1.0	0.998000199980002	0.306938775510204	0.165983401659834	0.8359164083591641	0.8916441689164417	1.0	1.0	0.2805427073697193	0.1705829417058294	0.7338213547066347	0.2805427073697193	0.2030796920307969	0.9283643064265004	0.2827142857142857	0.2913265306122449	0.1640816326530612	0.4320408163265306	0.1180435093336072	0.1640816326530612	0.1428571428571427	5	1.0	True	direction_stable_moderate_effect_variation	True	False	False	False	False	False	False	False	True	-0.0263960681404846	no_corrected_spatial_support	LH46_direction_concordant_not_nominal	no_corrected_spatial_support;LODO_5of5_direction;LH46_direction_concordant_not_nominal	False	20.0	Tier3B_descriptive	4	Tier 3B — descriptive spatial correspondence	no_statistical_support	positive	small	descriptive spatial correspondence without statistical support	matrix_or_descriptive_summary_only	False	True	0.1640816326530612	0.4320408163265306	False	The axon guidance neurite outgrowth–cognitive executive control correspondence is presented descriptively and is not interpreted as statistically supported.	False	False	no_nested_LH46_BH_FDR_support
axon_guidance_neurite_outgrowth	cognitive_language	cognitive	0.2077551020408163	0.4138586141385861	0.8664939957617142	0.9563633800554372	1.0	1.0	0.2077551020408163	0.463953604639536	0.9636683390484482	0.9790372314119938	1.0	1.0	0.2282454517422139	0.3375662433756624	0.893990600939906	0.2282454517422139	0.3848615138486151	0.9658041288069776	0.2271224489795918	0.2218367346938775	0.121734693877551	0.3715306122448979	0.0975848342471926	0.121734693877551	0.1637755102040816	5	1.0	True	direction_stable_moderate_effect_variation	True	False	False	False	False	False	False	False	True	0.0204903497013975	no_corrected_spatial_support	LH46_direction_concordant_not_nominal	no_corrected_spatial_support;LODO_5of5_direction;LH46_direction_concordant_not_nominal	False	20.0	Tier3B_descriptive	4	Tier 3B — descriptive spatial correspondence	no_statistical_support	positive	small	descriptive spatial correspondence without statistical support	matrix_or_descriptive_summary_only	False	True	0.121734693877551	0.3715306122448979	False	The axon guidance neurite outgrowth–cognitive language correspondence is presented descriptively and is not interpreted as statistically supported.	False	False	no_nested_LH46_BH_FDR_support
axon_guidance_neurite_outgrowth	cognitive_memory	cognitive	-0.0915306122448979	0.664933506649335	0.9383409485138444	0.9563633800554372	1.0	1.0	-0.0915306122448979	0.6961303869613039	0.9817396638714506	0.9790372314119938	1.0	1.0	-0.1119333950046253	0.5798420157984202	0.9277472252774724	-0.1119333950046253	0.6161383861613838	0.9658041288069776	-0.1061224489795918	-0.1180612244897958	-0.1743877551020408	-0.0001020408163265	0.064128736100409	0.0001020408163265	0.0914285714285713	5	1.0	True	direction_and_effect_size_stable	True	False	False	False	False	False	False	False	True	-0.0204027827597274	no_corrected_spatial_support	LH46_direction_concordant_not_nominal	no_corrected_spatial_support;LODO_5of5_direction;LH46_direction_concordant_not_nominal	False	20.0	Tier3B_descriptive	4	Tier 3B — descriptive spatial correspondence	no_statistical_support	negative	very_small	descriptive spatial correspondence without statistical support	matrix_or_descriptive_summary_only	False	True	-0.1743877551020408	-0.0001020408163265	False	The axon guidance neurite outgrowth–cognitive memory correspondence is presented descriptively and is not interpreted as statistically supported.	False	False	no_nested_LH46_BH_FDR_support
axon_guidance_neurite_outgrowth	cognitive_reward_motivation	cognitive	0.1354081632653061	0.6346365363463654	0.9383409485138444	0.9563633800554372	1.0	1.0	0.1354081632653061	0.6958304169583042	0.9817396638714506	0.9790372314119938	1.0	1.0	0.1366019118100524	0.6121387861213878	0.937114921601365	0.1366019118100524	0.6717328267173283	0.9658041288069776	0.0828367346938775	0.0724489795918367	0.0546938775510204	0.1488775510204081	0.0380236176852521	0.0546938775510204	0.0807142857142857	5	1.0	True	direction_and_effect_size_stable	True	False	False	False	False	False	False	False	True	0.0011937485447462	no_corrected_spatial_support	LH46_direction_concordant_not_nominal	no_corrected_spatial_support;LODO_5of5_direction;LH46_direction_concordant_not_nominal	False	20.0	Tier3B_descriptive	4	Tier 3B — descriptive spatial correspondence	no_statistical_support	positive	very_small	descriptive spatial correspondence without statistical support	matrix_or_descriptive_summary_only	False	True	0.0546938775510204	0.1488775510204081	False	The axon guidance neurite outgrowth–cognitive reward motivation correspondence is presented descriptively and is not interpreted as statistically supported.	False	False	no_nested_LH46_BH_FDR_support
axon_guidance_neurite_outgrowth	cognitive_sensorimotor	cognitive	-0.0973469387755101	0.7230276972302769	0.9409140386774332	0.9563633800554372	1.0	1.0	-0.0973469387755102	0.7774222577742226	0.9817396638714506	0.9790372314119938	1.0	1.0	-0.0908418131359852	0.7293270672932707	0.937114921601365	-0.0908418131359852	0.7854214578542146	0.9658041288069776	-0.0510816326530612	-0.0294897959183673	-0.1195918367346938	-0.018469387755102	0.0424922880525398	0.018469387755102	0.0788775510204081	5	1.0	True	direction_and_effect_size_stable	True	False	False	False	False	False	False	False	True	0.0065051256395248	no_corrected_spatial_support	LH46_direction_concordant_not_nominal	no_corrected_spatial_support;LODO_5of5_direction;LH46_direction_concordant_not_nominal	False	20.0	Tier3B_descriptive	4	Tier 3B — descriptive spatial correspondence	no_statistical_support	negative	very_small	descriptive spatial correspondence without statistical support	matrix_or_descriptive_summary_only	False	True	-0.1195918367346938	-0.018469387755102	False	The axon guidance neurite outgrowth–cognitive sensorimotor correspondence is presented descriptively and is not interpreted as statistically supported.	False	False	no_nested_LH46_BH_FDR_support
axon_guidance_neurite_outgrowth	cognitive_social_cognition	cognitive	0.0889795918367346	0.545945405459454	0.88233600882336	0.9563633800554372	1.0	1.0	0.0889795918367346	0.5977402259774023	0.9636683390484482	0.9790372314119938	1.0	1.0	0.0883749614554424	0.5626437356264373	0.9277472252774724	0.0883749614554425	0.6021397860213978	0.9658041288069776	0.0531020408163265	0.0677551020408163	0.0066326530612244	0.0807142857142857	0.033303674504878	0.0066326530612244	0.0823469387755101	5	1.0	True	direction_and_effect_size_stable	True	False	False	False	False	False	False	False	True	-0.0006046303812922	no_corrected_spatial_support	LH46_direction_concordant_not_nominal	no_corrected_spatial_support;LODO_5of5_direction;LH46_direction_concordant_not_nominal	False	20.0	Tier3B_descriptive	4	Tier 3B — descriptive spatial correspondence	no_statistical_support	positive	very_small	descriptive spatial correspondence without statistical support	matrix_or_descriptive_summary_only	False	True	0.0066326530612244	0.0807142857142857	False	The axon guidance neurite outgrowth–cognitive social cognition correspondence is presented descriptively and is not interpreted as statistically supported.	False	False	no_nested_LH46_BH_FDR_support
neurogenesis_migration_layering	cognitive_attention	cognitive	0.4530612244897959	0.0573942605739426	0.4449078901633645	0.424684804246848	0.8500149985001499	0.593940605939406	0.4530612244897959	0.1444855514448555	0.7775222477752225	0.8916441689164417	0.9786021397860214	0.8372162783721628	0.4402713536848596	0.0618938106189381	0.4500419523265065	0.4402713536848597	0.1413858614138586	0.7800599250419786	0.4579795918367347	0.471938775510204	0.3620408163265305	0.5002040816326531	0.0551921221343163	0.3620408163265305	0.0910204081632653	5	1.0	True	direction_and_effect_size_stable	True	False	False	False	False	False	False	False	True	-0.0127898708049363	no_corrected_spatial_support	LH46_direction_concordant_not_nominal	no_corrected_spatial_support;LODO_5of5_direction;LH46_direction_concordant_not_nominal	False	6.0	Tier3B_descriptive	4	Tier 3B — descriptive spatial correspondence	no_statistical_support	positive	moderate	descriptive spatial correspondence without statistical support	matrix_or_descriptive_summary_only	False	True	0.3620408163265305	0.5002040816326531	False	The neurogenesis migration layering–cognitive attention correspondence is presented descriptively and is not interpreted as statistically supported.	False	False	no_nested_LH46_BH_FDR_support
neurogenesis_migration_layering	cognitive_emotion_affect	cognitive	-0.4265306122448979	0.1032896710328967	0.5645887024200805	0.5807419258074192	0.9433056694330568	0.7509249075092491	-0.4265306122448979	0.244975502449755	0.9636683390484482	0.9790372314119938	0.9957004299570044	0.9186081391860814	-0.4096823928461302	0.1112888711128887	0.5743941734858772	-0.40968239284613	0.2438756124387561	0.9658041288069776	-0.4227346938775509	-0.4365306122448979	-0.4694897959183672	-0.3419387755102041	0.0506926410510081	0.3419387755102041	0.0845918367346938	5	1.0	True	direction_and_effect_size_stable	True	False	False	False	False	False	False	False	True	0.0168482193987677	no_corrected_spatial_support	LH46_direction_concordant_not_nominal	no_corrected_spatial_support;LODO_5of5_direction;LH46_direction_concordant_not_nominal	False	8.0	Tier3B_descriptive	4	Tier 3B — descriptive spatial correspondence	no_statistical_support	negative	moderate	descriptive spatial correspondence without statistical support	matrix_or_descriptive_summary_only	False	True	-0.4694897959183672	-0.3419387755102041	False	The neurogenesis migration layering–cognitive emotion affect correspondence is presented descriptively and is not interpreted as statistically supported.	False	False	no_nested_LH46_BH_FDR_support
neurogenesis_migration_layering	cognitive_executive_control	cognitive	-0.1904081632653061	0.5012498750124987	0.8664939957617142	0.9563633800554372	1.0	1.0	-0.1904081632653061	0.5640435956404359	0.9636683390484482	0.9790372314119938	1.0	1.0	-0.1188405797101449	0.6723327667233276	0.937114921601365	-0.1188405797101448	0.7154284571542846	0.9658041288069776	-0.2056734693877551	-0.1986734693877551	-0.2602040816326531	-0.1755102040816326	0.034421393950798	0.1755102040816326	0.0697959183673469	5	1.0	True	direction_and_effect_size_stable	True	False	False	False	False	False	False	False	True	0.0715675835551612	no_corrected_spatial_support	LH46_direction_concordant_not_nominal	no_corrected_spatial_support;LODO_5of5_direction;LH46_direction_concordant_not_nominal	False	20.0	Tier3B_descriptive	4	Tier 3B — descriptive spatial correspondence	no_statistical_support	negative	very_small	descriptive spatial correspondence without statistical support	matrix_or_descriptive_summary_only	False	True	-0.2602040816326531	-0.1755102040816326	False	The neurogenesis migration layering–cognitive executive control correspondence is presented descriptively and is not interpreted as statistically supported.	False	False	no_nested_LH46_BH_FDR_support
neurogenesis_migration_layering	cognitive_language	cognitive	-0.1422448979591836	0.6713328667133287	0.9383409485138444	0.9563633800554372	1.0	1.0	-0.1422448979591836	0.736026397360264	0.9817396638714506	0.9790372314119938	1.0	1.0	-0.083441258094357	0.803919608039196	0.937114921601365	-0.083441258094357	0.8354164583541646	0.9658041288069776	-0.1302653061224489	-0.0958163265306122	-0.211734693877551	-0.0703061224489795	0.0708153561069779	0.0703061224489795	0.071938775510204	5	1.0	True	direction_and_effect_size_stable	True	False	False	False	False	False	False	False	True	0.0588036398648266	no_corrected_spatial_support	LH46_direction_concordant_not_nominal	no_corrected_spatial_support;LODO_5of5_direction;LH46_direction_concordant_not_nominal	False	20.0	Tier3B_descriptive	4	Tier 3B — descriptive spatial correspondence	no_statistical_support	negative	very_small	descriptive spatial correspondence without statistical support	matrix_or_descriptive_summary_only	False	True	-0.211734693877551	-0.0703061224489795	False	The neurogenesis migration layering–cognitive language correspondence is presented descriptively and is not interpreted as statistically supported.	False	False	no_nested_LH46_BH_FDR_support
neurogenesis_migration_layering	cognitive_memory	cognitive	0.0092857142857142	0.972102789721028	0.9895010498950104	0.9844078883250916	1.0	1.0	0.0092857142857142	0.976102389761024	0.9917008299170084	0.989571928883061	1.0	1.0	0.0563058896083873	0.8104189581041896	0.937114921601365	0.0563058896083872	0.8511148885111489	0.9658041288069776	-0.014	-0.0431632653061224	-0.0529591836734693	0.0947959183673469	0.0617049346387076	0.0243877551020408	0.0855102040816327	1	0.2	False	donor_sensitive	True	False	False	False	False	False	False	False	True	0.047020175322673	no_corrected_spatial_support	LH46_direction_concordant_not_nominal	no_corrected_spatial_support;LODO_1of5_direction;LH46_direction_concordant_not_nominal	False	20.0	Tier3B_descriptive	4	Tier 3B — descriptive spatial correspondence	no_statistical_support	positive	very_small	descriptive spatial correspondence without statistical support	matrix_or_descriptive_summary_only	False	False	-0.0529591836734693	0.0947959183673469	False	The neurogenesis migration layering–cognitive memory correspondence is presented descriptively and is not interpreted as statistically supported.	False	False	no_nested_LH46_BH_FDR_support
neurogenesis_migration_layering	cognitive_reward_motivation	cognitive	-0.1554081632653061	0.6538346165383462	0.9383409485138444	0.9563633800554372	1.0	1.0	-0.1554081632653061	0.7442255774422558	0.9817396638714506	0.9790372314119938	1.0	1.0	-0.1201973481344434	0.7195280471952805	0.937114921601365	-0.1201973481344434	0.7913208679132087	0.9658041288069776	-0.1515510204081632	-0.1706122448979591	-0.1940816326530612	-0.0797959183673469	0.0453851925388768	0.0797959183673469	0.0756122448979591	5	1.0	True	direction_and_effect_size_stable	True	False	False	False	False	False	False	False	True	0.0352108151308627	no_corrected_spatial_support	LH46_direction_concordant_not_nominal	no_corrected_spatial_support;LODO_5of5_direction;LH46_direction_concordant_not_nominal	False	20.0	Tier3B_descriptive	4	Tier 3B — descriptive spatial correspondence	no_statistical_support	negative	very_small	descriptive spatial correspondence without statistical support	matrix_or_descriptive_summary_only	False	True	-0.1940816326530612	-0.0797959183673469	False	The neurogenesis migration layering–cognitive reward motivation correspondence is presented descriptively and is not interpreted as statistically supported.	False	False	no_nested_LH46_BH_FDR_support
neurogenesis_migration_layering	cognitive_sensorimotor	cognitive	0.2525510204081632	0.4070592940705929	0.8664939957617142	0.9563633800554372	1.0	1.0	0.2525510204081633	0.5515448455154485	0.9636683390484482	0.9790372314119938	1.0	1.0	0.2405797101449275	0.4124587541245875	0.893990600939906	0.2405797101449275	0.5522447755224478	0.9658041288069776	0.2515714285714285	0.2489795918367346	0.1844897959183673	0.3060204081632653	0.0454683503893682	0.1844897959183673	0.0680612244897959	5	1.0	True	direction_and_effect_size_stable	True	False	False	False	False	False	False	False	True	-0.0119713102632356	no_corrected_spatial_support	LH46_direction_concordant_not_nominal	no_corrected_spatial_support;LODO_5of5_direction;LH46_direction_concordant_not_nominal	False	20.0	Tier3B_descriptive	4	Tier 3B — descriptive spatial correspondence	no_statistical_support	positive	small	descriptive spatial correspondence without statistical support	matrix_or_descriptive_summary_only	False	True	0.1844897959183673	0.3060204081632653	False	The neurogenesis migration layering–cognitive sensorimotor correspondence is presented descriptively and is not interpreted as statistically supported.	False	False	no_nested_LH46_BH_FDR_support
neurogenesis_migration_layering	cognitive_social_cognition	cognitive	-0.1892857142857142	0.2097790220977902	0.7657416076574161	0.8391160883911609	1.0	1.0	-0.1892857142857142	0.2790720927907209	0.9636683390484482	0.9790372314119938	1.0	1.0	-0.1383287079864323	0.3814618538146185	0.893990600939906	-0.1383287079864323	0.4458554144585541	0.9658041288069776	-0.1832244897959183	-0.1855102040816326	-0.2215306122448979	-0.1511224489795918	0.0300116768889649	0.1511224489795918	0.0381632653061223	5	1.0	True	direction_and_effect_size_stable	True	False	False	False	False	False	False	False	True	0.0509570062992819	no_corrected_spatial_support	LH46_direction_concordant_not_nominal	no_corrected_spatial_support;LODO_5of5_direction;LH46_direction_concordant_not_nominal	False	20.0	Tier3B_descriptive	4	Tier 3B — descriptive spatial correspondence	no_statistical_support	negative	very_small	descriptive spatial correspondence without statistical support	matrix_or_descriptive_summary_only	False	True	-0.2215306122448979	-0.1511224489795918	False	The neurogenesis migration layering–cognitive social cognition correspondence is presented descriptively and is not interpreted as statistically supported.	False	False	no_nested_LH46_BH_FDR_support
oligodendrocyte_myelination	cognitive_attention	cognitive	0.0580612244897959	0.6966303369663034	0.9409140386774332	0.9563633800554372	1.0	1.0	0.0580612244897959	0.6977302269773022	0.9817396638714506	0.9790372314119938	1.0	1.0	0.0560592044403329	0.7229277072292771	0.937114921601365	0.056059204440333	0.7206279372062794	0.9658041288069776	0.0288775510204081	0.0183673469387755	-0.0906122448979591	0.1624489795918367	0.092903778376616	0.006734693877551	0.148673469387755	3	0.6	False	donor_sensitive	True	False	False	False	False	False	False	False	True	-0.0020020200494629	no_corrected_spatial_support	LH46_direction_concordant_not_nominal	no_corrected_spatial_support;LODO_3of5_direction;LH46_direction_concordant_not_nominal	False	20.0	Tier3B_descriptive	4	Tier 3B — descriptive spatial correspondence	no_statistical_support	positive	very_small	descriptive spatial correspondence without statistical support	matrix_or_descriptive_summary_only	False	False	-0.0906122448979591	0.1624489795918367	False	The oligodendrocyte myelination–cognitive attention correspondence is presented descriptively and is not interpreted as statistically supported.	False	False	no_nested_LH46_BH_FDR_support
oligodendrocyte_myelination	cognitive_executive_control	cognitive	-0.0285714285714285	0.8429157084291571	0.9708618179277964	0.966125609661256	1.0	1.0	-0.0285714285714285	0.8465153484651535	0.9817396638714506	0.9790372314119938	1.0	1.0	0.0131359851988899	0.932106789321068	0.981165041390598	0.0131359851988899	0.9366063393660634	0.9859014098590142	-0.0280816326530612	-0.0266326530612244	-0.1115306122448979	0.088469387755102	0.0745876628553883	0.0218367346938775	0.1170408163265305	4	0.8	False	mostly_direction_stable	True	False	False	False	False	False	False	False	False	0.0417074137703184	no_corrected_spatial_support	LH46_direction_discordant	no_corrected_spatial_support;LODO_4of5_direction;LH46_direction_discordant	False	20.0	Tier3B_descriptive	4	Tier 3B — descriptive spatial correspondence	no_statistical_support	negative	very_small	descriptive spatial correspondence without statistical support	matrix_or_descriptive_summary_only	False	False	-0.1115306122448979	0.088469387755102	False	The oligodendrocyte myelination–cognitive executive control correspondence is presented descriptively and is not interpreted as statistically supported.	False	False	no_nested_LH46_BH_FDR_support
oligodendrocyte_myelination	cognitive_language	cognitive	0.1353061224489795	0.3566643335666433	0.8664939957617142	0.9563633800554372	1.0	1.0	0.1353061224489795	0.3510648935106489	0.9636683390484482	0.9790372314119938	1.0	1.0	0.1185938945420906	0.447955204479552	0.8994222528966617	0.1185938945420906	0.4473552644735526	0.9658041288069776	0.100204081632653	0.0865306122448979	-0.0485714285714285	0.2592857142857143	0.1115491656991656	0.0485714285714285	0.183877551020408	4	0.8	False	mostly_direction_stable	True	False	False	False	False	False	False	False	True	-0.0167122279068888	no_corrected_spatial_support	LH46_direction_concordant_not_nominal	no_corrected_spatial_support;LODO_4of5_direction;LH46_direction_concordant_not_nominal	False	20.0	Tier3B_descriptive	4	Tier 3B — descriptive spatial correspondence	no_statistical_support	positive	very_small	descriptive spatial correspondence without statistical support	matrix_or_descriptive_summary_only	False	False	-0.0485714285714285	0.2592857142857143	False	The oligodendrocyte myelination–cognitive language correspondence is presented descriptively and is not interpreted as statistically supported.	False	False	no_nested_LH46_BH_FDR_support
patterning_arealization	cognitive_attention	cognitive	0.0930612244897959	0.5654434556544345	0.8894495165868028	0.9563633800554372	1.0	1.0	0.0930612244897959	0.6098390160983902	0.9636683390484482	0.9790372314119938	1.0	1.0	0.069750231267345	0.6994300569943006	0.937114921601365	0.069750231267345	0.7370262973702629	0.9658041288069776	0.1034897959183673	0.1838775510204081	-0.180204081632653	0.2506122448979591	0.1848568229231958	0.0164285714285714	0.2732653061224489	4	0.8	False	mostly_direction_stable	True	False	False	False	False	False	False	False	True	-0.0233109932224508	no_corrected_spatial_support	LH46_direction_concordant_not_nominal	no_corrected_spatial_support;LODO_4of5_direction;LH46_direction_concordant_not_nominal	False	20.0	Tier3B_descriptive	4	Tier 3B — descriptive spatial correspondence	no_statistical_support	positive	very_small	descriptive spatial correspondence without statistical support	matrix_or_descriptive_summary_only	False	False	-0.180204081632653	0.2506122448979591	False	The patterning arealization–cognitive attention correspondence is presented descriptively and is not interpreted as statistically supported.	False	False	no_nested_LH46_BH_FDR_support
patterning_arealization	cognitive_emotion_affect	cognitive	0.01	0.952204779522048	0.9895010498950104	0.9844078883250916	1.0	1.0	0.01	0.9624037596240376	0.9917008299170084	0.989571928883061	1.0	1.0	0.0402713536848596	0.8371162883711629	0.9484122010334178	0.0402713536848596	0.8673132686731326	0.97434700974347	0.0222653061224489	0.0444897959183673	-0.1385714285714285	0.2115306122448979	0.135631311907241	0.0444897959183673	0.2015306122448979	3	0.6	False	donor_sensitive	True	False	False	False	False	False	False	False	True	0.0302713536848596	no_corrected_spatial_support	LH46_direction_concordant_not_nominal	no_corrected_spatial_support;LODO_3of5_direction;LH46_direction_concordant_not_nominal	False	20.0	Tier3B_descriptive	4	Tier 3B — descriptive spatial correspondence	no_statistical_support	positive	very_small	descriptive spatial correspondence without statistical support	matrix_or_descriptive_summary_only	False	False	-0.1385714285714285	0.2115306122448979	False	The patterning arealization–cognitive emotion affect correspondence is presented descriptively and is not interpreted as statistically supported.	False	False	no_nested_LH46_BH_FDR_support
patterning_arealization	cognitive_executive_control	cognitive	-0.0089795918367346	0.9482051794820516	0.9895010498950104	0.9844078883250916	1.0	1.0	-0.0089795918367346	0.96010398960104	0.9917008299170084	0.989571928883061	1.0	1.0	-0.03509096515572	0.8318168183181682	0.9484122010334178	-0.03509096515572	0.8462153784621538	0.9658041288069776	0.0033673469387755	-0.0271428571428571	-0.1630612244897959	0.1972448979591836	0.1348207890047193	0.0271428571428571	0.2062244897959182	3	0.6	False	donor_sensitive	True	False	False	False	False	False	False	False	True	-0.0261113733189854	no_corrected_spatial_support	LH46_direction_concordant_not_nominal	no_corrected_spatial_support;LODO_3of5_direction;LH46_direction_concordant_not_nominal	False	20.0	Tier3B_descriptive	4	Tier 3B — descriptive spatial correspondence	no_statistical_support	negative	very_small	descriptive spatial correspondence without statistical support	matrix_or_descriptive_summary_only	False	False	-0.1630612244897959	0.1972448979591836	False	The patterning arealization–cognitive executive control correspondence is presented descriptively and is not interpreted as statistically supported.	False	False	no_nested_LH46_BH_FDR_support
patterning_arealization	cognitive_language	cognitive	-0.1037755102040816	0.5023497650234976	0.8664939957617142	0.9563633800554372	1.0	1.0	-0.1037755102040816	0.5472452754724527	0.9636683390484482	0.9790372314119938	1.0	1.0	-0.0464384828862164	0.7999200079992	0.937114921601365	-0.0464384828862164	0.8224177582241776	0.9658041288069776	-0.1039183673469387	-0.0983673469387755	-0.2015306122448979	0.0118367346938775	0.092140614025627	0.0118367346938775	0.1156122448979591	4	0.8	False	mostly_direction_stable	True	False	False	False	False	False	False	False	True	0.0573370273178652	no_corrected_spatial_support	LH46_direction_concordant_not_nominal	no_corrected_spatial_support;LODO_4of5_direction;LH46_direction_concordant_not_nominal	False	20.0	Tier3B_descriptive	4	Tier 3B — descriptive spatial correspondence	no_statistical_support	negative	very_small	descriptive spatial correspondence without statistical support	matrix_or_descriptive_summary_only	False	False	-0.2015306122448979	0.0118367346938775	False	The patterning arealization–cognitive language correspondence is presented descriptively and is not interpreted as statistically supported.	False	False	no_nested_LH46_BH_FDR_support
patterning_arealization	cognitive_memory	cognitive	-0.0310204081632652	0.8361163883611639	0.9708618179277964	0.966125609661256	1.0	1.0	-0.0310204081632653	0.8636136386361364	0.9817396638714506	0.9790372314119938	1.0	1.0	-0.0216466234967622	0.8905109489051095	0.962373561301588	-0.0216466234967622	0.9157084291570844	0.9816236919354422	4.081632653061273e-05	-0.0193877551020408	-0.056734693877551	0.1261224489795918	0.0746169797653621	0.0027551020408163	0.1571428571428571	3	0.6	False	donor_sensitive	True	False	False	False	False	False	False	False	True	0.0093737846665029	no_corrected_spatial_support	LH46_direction_concordant_not_nominal	no_corrected_spatial_support;LODO_3of5_direction;LH46_direction_concordant_not_nominal	False	20.0	Tier3B_descriptive	4	Tier 3B — descriptive spatial correspondence	no_statistical_support	negative	very_small	descriptive spatial correspondence without statistical support	matrix_or_descriptive_summary_only	False	False	-0.056734693877551	0.1261224489795918	False	The patterning arealization–cognitive memory correspondence is presented descriptively and is not interpreted as statistically supported.	False	False	no_nested_LH46_BH_FDR_support
patterning_arealization	cognitive_reward_motivation	cognitive	-0.1096938775510204	0.4808519148085191	0.8664939957617142	0.9563633800554372	1.0	1.0	-0.1096938775510204	0.545045495450455	0.9636683390484482	0.9790372314119938	1.0	1.0	-0.0608695652173913	0.7441255874412559	0.937114921601365	-0.0608695652173913	0.7874212578742126	0.9658041288069776	-0.0719183673469387	-0.0920408163265305	-0.2340816326530612	0.0832653061224489	0.1185026364424651	0.0082653061224489	0.1929591836734693	4	0.8	False	mostly_direction_stable	True	False	False	False	False	False	False	False	True	0.0488243123336291	no_corrected_spatial_support	LH46_direction_concordant_not_nominal	no_corrected_spatial_support;LODO_4of5_direction;LH46_direction_concordant_not_nominal	False	20.0	Tier3B_descriptive	4	Tier 3B — descriptive spatial correspondence	no_statistical_support	negative	very_small	descriptive spatial correspondence without statistical support	matrix_or_descriptive_summary_only	False	False	-0.2340816326530612	0.0832653061224489	False	The patterning arealization–cognitive reward motivation correspondence is presented descriptively and is not interpreted as statistically supported.	False	False	no_nested_LH46_BH_FDR_support
patterning_arealization	cognitive_sensorimotor	cognitive	0.0216326530612245	0.8939106089391061	0.972659490807676	0.9663898475017364	1.0	1.0	0.0216326530612244	0.9056094390560944	0.9817396638714506	0.9790372314119938	1.0	1.0	-0.0455750847980265	0.8016198380161984	0.937114921601365	-0.0455750847980265	0.8316168383161684	0.9658041288069776	-0.0059591836734693	-0.0328571428571428	-0.1655102040816326	0.1056122448979591	0.1129989191398772	0.0328571428571428	0.187142857142857	2	0.4	False	donor_sensitive	True	False	False	False	False	False	False	False	False	-0.067207737859251	no_corrected_spatial_support	LH46_direction_discordant	no_corrected_spatial_support;LODO_2of5_direction;LH46_direction_discordant	False	20.0	Tier3B_descriptive	4	Tier 3B — descriptive spatial correspondence	no_statistical_support	positive	very_small	descriptive spatial correspondence without statistical support	matrix_or_descriptive_summary_only	False	False	-0.1655102040816326	0.1056122448979591	False	The patterning arealization–cognitive sensorimotor correspondence is presented descriptively and is not interpreted as statistically supported.	False	False	no_nested_LH46_BH_FDR_support
patterning_arealization	cognitive_social_cognition	cognitive	0.0639795918367346	0.6722327767223277	0.9383409485138444	0.9563633800554372	1.0	1.0	0.0639795918367346	0.7077292270772922	0.9817396638714506	0.9790372314119938	1.0	1.0	0.1042861547949429	0.5044495550444955	0.9277233196220608	0.1042861547949429	0.5449455054494551	0.9658041288069776	0.0509183673469387	0.0420408163265306	-0.0301020408163265	0.1538775510204081	0.0709469183462102	0.006938775510204	0.0940816326530611	4	0.8	False	mostly_direction_stable	True	False	False	False	False	False	False	False	True	0.0403065629582082	no_corrected_spatial_support	LH46_direction_concordant_not_nominal	no_corrected_spatial_support;LODO_4of5_direction;LH46_direction_concordant_not_nominal	False	20.0	Tier3B_descriptive	4	Tier 3B — descriptive spatial correspondence	no_statistical_support	positive	very_small	descriptive spatial correspondence without statistical support	matrix_or_descriptive_summary_only	False	False	-0.0301020408163265	0.1538775510204081	False	The patterning arealization–cognitive social cognition correspondence is presented descriptively and is not interpreted as statistically supported.	False	False	no_nested_LH46_BH_FDR_support
preliminary_maturation_balance	cognitive_attention	cognitive	0.2891836734693877	0.1088891110888911	0.5645887024200805	0.5807419258074192	1.0	0.9994000599940006	0.2891836734693875	0.1671832816718328	0.8359164083591641	0.8916441689164417	1.0	1.0	0.2821461609620721	0.1157884211578842	0.578942105789421	0.2821461609620722	0.1670832916708329	0.8354164583541646	0.2805306122448979	0.2943877551020408	0.2183673469387755	0.335408163265306	0.0473713101420373	0.2183673469387755	0.070816326530612	5	1.0	True	direction_and_effect_size_stable	True	False	False	False	False	False	False	False	True	-0.0070375125073156	no_corrected_spatial_support	LH46_direction_concordant_not_nominal	no_corrected_spatial_support;LODO_5of5_direction;LH46_direction_concordant_not_nominal	False	20.0	Tier3B_descriptive	4	Tier 3B — descriptive spatial correspondence	no_statistical_support	positive	small	descriptive spatial correspondence without statistical support	matrix_or_descriptive_summary_only	False	True	0.2183673469387755	0.335408163265306	False	The preliminary maturation balance–cognitive attention correspondence is presented descriptively and is not interpreted as statistically supported.	False	False	no_nested_LH46_BH_FDR_support
preliminary_maturation_balance	cognitive_executive_control	cognitive	-0.1904081632653061	0.2938706129387061	0.8664939957617142	0.9563633800554372	1.0	1.0	-0.190408163265306	0.3714628537146285	0.9636683390484482	0.9790372314119938	1.0	1.0	-0.1018193031144002	0.5786421357864213	0.9277472252774724	-0.1018193031144002	0.6303369663033697	0.9658041288069776	-0.166469387755102	-0.1862244897959183	-0.2716326530612244	0.0568367346938775	0.1334418970939848	0.0568367346938775	0.2472448979591835	4	0.8	False	mostly_direction_stable	True	False	False	False	False	False	False	False	True	0.0885888601509059	no_corrected_spatial_support	LH46_direction_concordant_not_nominal	no_corrected_spatial_support;LODO_4of5_direction;LH46_direction_concordant_not_nominal	False	20.0	Tier3B_descriptive	4	Tier 3B — descriptive spatial correspondence	no_statistical_support	negative	very_small	descriptive spatial correspondence without statistical support	matrix_or_descriptive_summary_only	False	False	-0.2716326530612244	0.0568367346938775	False	The preliminary maturation balance–cognitive executive control correspondence is presented descriptively and is not interpreted as statistically supported.	False	False	no_nested_LH46_BH_FDR_support
preliminary_maturation_balance	cognitive_language	cognitive	-0.0733673469387755	0.7292270772922708	0.9409381642480912	0.9563633800554372	1.0	1.0	-0.0733673469387755	0.7706229377062294	0.9817396638714506	0.9790372314119938	1.0	1.0	-0.0334875115633672	0.8700129987001299	0.962373561301588	-0.0334875115633672	0.8845115488451155	0.9760127435532308	-0.0512448979591836	-0.0614285714285714	-0.0842857142857142	0.0201020408163265	0.0412073994681632	0.0201020408163265	0.093469387755102	4	0.8	False	mostly_direction_stable	True	False	False	False	False	False	False	False	True	0.0398798353754083	no_corrected_spatial_support	LH46_direction_concordant_not_nominal	no_corrected_spatial_support;LODO_4of5_direction;LH46_direction_concordant_not_nominal	False	20.0	Tier3B_descriptive	4	Tier 3B — descriptive spatial correspondence	no_statistical_support	negative	very_small	descriptive spatial correspondence without statistical support	matrix_or_descriptive_summary_only	False	False	-0.0842857142857142	0.0201020408163265	False	The preliminary maturation balance–cognitive language correspondence is presented descriptively and is not interpreted as statistically supported.	False	False	no_nested_LH46_BH_FDR_support
preliminary_maturation_balance	cognitive_memory	cognitive	-0.1226530612244898	0.4696530346965303	0.8664939957617142	0.9563633800554372	1.0	1.0	-0.1226530612244897	0.5365463453654634	0.9636683390484482	0.9790372314119938	1.0	1.0	-0.0830712303422756	0.6284371562843716	0.937114921601365	-0.0830712303422756	0.663033696630337	0.9658041288069776	-0.1010612244897959	-0.1120408163265306	-0.1440816326530612	-0.0511224489795918	0.0411574141116743	0.0511224489795918	0.0715306122448978	5	1.0	True	direction_and_effect_size_stable	True	False	False	False	False	False	False	False	True	0.0395818308822141	no_corrected_spatial_support	LH46_direction_concordant_not_nominal	no_corrected_spatial_support;LODO_5of5_direction;LH46_direction_concordant_not_nominal	False	20.0	Tier3B_descriptive	4	Tier 3B — descriptive spatial correspondence	no_statistical_support	negative	very_small	descriptive spatial correspondence without statistical support	matrix_or_descriptive_summary_only	False	True	-0.1440816326530612	-0.0511224489795918	False	The preliminary maturation balance–cognitive memory correspondence is presented descriptively and is not interpreted as statistically supported.	False	False	no_nested_LH46_BH_FDR_support
preliminary_maturation_balance	cognitive_reward_motivation	cognitive	-0.1366326530612245	0.5224477552244775	0.8678719756890291	0.9563633800554372	1.0	1.0	-0.1366326530612245	0.6067393260673932	0.9636683390484482	0.9790372314119938	1.0	1.0	-0.1442491520197348	0.4764523547645235	0.91804773011071	-0.1442491520197348	0.5573442655734426	0.9658041288069776	-0.1187142857142857	-0.1127551020408163	-0.2115306122448979	-0.0332653061224489	0.0635430293299468	0.0332653061224489	0.1033673469387755	5	1.0	True	direction_stable_moderate_effect_variation	True	False	False	False	False	False	False	False	True	-0.0076164989585102	no_corrected_spatial_support	LH46_direction_concordant_not_nominal	no_corrected_spatial_support;LODO_5of5_direction;LH46_direction_concordant_not_nominal	False	20.0	Tier3B_descriptive	4	Tier 3B — descriptive spatial correspondence	no_statistical_support	negative	very_small	descriptive spatial correspondence without statistical support	matrix_or_descriptive_summary_only	False	True	-0.2115306122448979	-0.0332653061224489	False	The preliminary maturation balance–cognitive reward motivation correspondence is presented descriptively and is not interpreted as statistically supported.	False	False	no_nested_LH46_BH_FDR_support
preliminary_maturation_balance	cognitive_sensorimotor	cognitive	0.3059183673469387	0.0914908509149085	0.54216800542168	0.5630206210148215	1.0	0.9983001699830018	0.3059183673469386	0.1457854214578542	0.7775222477752225	0.8916441689164417	1.0	1.0	0.3295097132284921	0.0646935306469353	0.4500419523265065	0.3295097132284921	0.0964903509649035	0.7027445403607787	0.2768163265306122	0.2343877551020408	0.2256122448979591	0.3839795918367346	0.0684361670069434	0.2256122448979591	0.0803061224489794	5	1.0	True	direction_and_effect_size_stable	True	False	False	False	False	False	False	False	True	0.0235913458815533	no_corrected_spatial_support	LH46_direction_concordant_not_nominal	no_corrected_spatial_support;LODO_5of5_direction;LH46_direction_concordant_not_nominal	False	20.0	Tier3B_descriptive	4	Tier 3B — descriptive spatial correspondence	no_statistical_support	positive	small	descriptive spatial correspondence without statistical support	matrix_or_descriptive_summary_only	False	True	0.2256122448979591	0.3839795918367346	False	The preliminary maturation balance–cognitive sensorimotor correspondence is presented descriptively and is not interpreted as statistically supported.	False	False	no_nested_LH46_BH_FDR_support
preliminary_maturation_balance	cognitive_social_cognition	cognitive	-0.2780612244897959	0.0583941605839416	0.4449078901633645	0.424684804246848	1.0	0.9997000299970004	-0.2780612244897959	0.1012898710128987	0.7366219899749157	0.8383161683831617	1.0	1.0	-0.2468701819303115	0.1082891710828917	0.5743941734858772	-0.2468701819303113	0.1637836216378362	0.8354164583541646	-0.2415714285714285	-0.2246938775510204	-0.3103061224489795	-0.1773469387755101	0.0544966555339851	0.1773469387755101	0.1007142857142857	5	1.0	True	direction_stable_moderate_effect_variation	True	False	False	False	False	False	False	False	True	0.0311910425594844	no_corrected_spatial_support	LH46_direction_concordant_not_nominal	no_corrected_spatial_support;LODO_5of5_direction;LH46_direction_concordant_not_nominal	False	20.0	Tier3B_descriptive	4	Tier 3B — descriptive spatial correspondence	no_statistical_support	negative	small	descriptive spatial correspondence without statistical support	matrix_or_descriptive_summary_only	False	True	-0.3103061224489795	-0.1773469387755101	False	The preliminary maturation balance–cognitive social cognition correspondence is presented descriptively and is not interpreted as statistically supported.	False	False	no_nested_LH46_BH_FDR_support
progenitor_radial_glia	cognitive_attention	cognitive	-0.1882653061224489	0.3767623237676232	0.8664939957617142	0.9563633800554372	1.0	1.0	-0.1882653061224489	0.4508549145085491	0.9636683390484482	0.9790372314119938	1.0	1.0	-0.170027752081406	0.3890610938906109	0.893990600939906	-0.170027752081406	0.454954504549545	0.9658041288069776	-0.1841020408163265	-0.1678571428571428	-0.3101020408163265	-0.0791836734693877	0.1029570447382037	0.0791836734693877	0.1218367346938776	5	1.0	True	direction_stable_moderate_effect_variation	True	False	False	False	False	False	False	False	True	0.0182375540410429	no_corrected_spatial_support	LH46_direction_concordant_not_nominal	no_corrected_spatial_support;LODO_5of5_direction;LH46_direction_concordant_not_nominal	False	20.0	Tier3B_descriptive	4	Tier 3B — descriptive spatial correspondence	no_statistical_support	negative	very_small	descriptive spatial correspondence without statistical support	matrix_or_descriptive_summary_only	False	True	-0.3101020408163265	-0.0791836734693877	False	The progenitor radial glia–cognitive attention correspondence is presented descriptively and is not interpreted as statistically supported.	False	False	no_nested_LH46_BH_FDR_support
progenitor_radial_glia	cognitive_emotion_affect	cognitive	0.1380612244897959	0.5385461453854614	0.8792590128742227	0.9563633800554372	1.0	1.0	0.1380612244897959	0.6143385661433857	0.9636683390484482	0.9790372314119938	1.0	1.0	0.1161270428615479	0.5742425757424258	0.9277472252774724	0.1161270428615479	0.6411358864113589	0.9658041288069776	0.1503877551020408	0.1726530612244897	0.0122448979591836	0.2664285714285714	0.106790830829966	0.0122448979591836	0.1283673469387755	5	1.0	True	direction_stable_moderate_effect_variation	True	False	False	False	False	False	False	False	True	-0.021934181628248	no_corrected_spatial_support	LH46_direction_concordant_not_nominal	no_corrected_spatial_support;LODO_5of5_direction;LH46_direction_concordant_not_nominal	False	20.0	Tier3B_descriptive	4	Tier 3B — descriptive spatial correspondence	no_statistical_support	positive	very_small	descriptive spatial correspondence without statistical support	matrix_or_descriptive_summary_only	False	True	0.0122448979591836	0.2664285714285714	False	The progenitor radial glia–cognitive emotion affect correspondence is presented descriptively and is not interpreted as statistically supported.	False	False	no_nested_LH46_BH_FDR_support
progenitor_radial_glia	cognitive_language	cognitive	0.0501020408163265	0.8362163783621638	0.9708618179277964	0.966125609661256	1.0	1.0	0.0501020408163265	0.8594140585941406	0.9817396638714506	0.9790372314119938	1.0	1.0	0.0357076780758556	0.8604139586041396	0.962373561301588	0.0357076780758556	0.8769123087691231	0.97434700974347	0.0485306122448979	0.0255102040816326	-0.0171428571428571	0.163673469387755	0.0695239359930689	0.0142857142857142	0.1135714285714285	4	0.8	False	mostly_direction_stable	True	False	False	False	False	False	False	False	True	-0.0143943627404709	no_corrected_spatial_support	LH46_direction_concordant_not_nominal	no_corrected_spatial_support;LODO_4of5_direction;LH46_direction_concordant_not_nominal	False	20.0	Tier3B_descriptive	4	Tier 3B — descriptive spatial correspondence	no_statistical_support	positive	very_small	descriptive spatial correspondence without statistical support	matrix_or_descriptive_summary_only	False	False	-0.0171428571428571	0.163673469387755	False	The progenitor radial glia–cognitive language correspondence is presented descriptively and is not interpreted as statistically supported.	False	False	no_nested_LH46_BH_FDR_support
progenitor_radial_glia	cognitive_memory	cognitive	-0.115	0.5261473852614739	0.8678719756890291	0.9563633800554372	1.0	1.0	-0.1149999999999999	0.5978402159784022	0.9636683390484482	0.9790372314119938	1.0	1.0	-0.142645698427382	0.4150584941505849	0.893990600939906	-0.142645698427382	0.4803519648035196	0.9658041288069776	-0.1028571428571428	-0.076938775510204	-0.2465306122448979	0.0413265306122449	0.1073943840599381	0.0413265306122449	0.1563265306122448	4	0.8	False	mostly_direction_stable	True	False	False	False	False	False	False	False	True	-0.027645698427382	no_corrected_spatial_support	LH46_direction_concordant_not_nominal	no_corrected_spatial_support;LODO_4of5_direction;LH46_direction_concordant_not_nominal	False	20.0	Tier3B_descriptive	4	Tier 3B — descriptive spatial correspondence	no_statistical_support	negative	very_small	descriptive spatial correspondence without statistical support	matrix_or_descriptive_summary_only	False	False	-0.2465306122448979	0.0413265306122449	False	The progenitor radial glia–cognitive memory correspondence is presented descriptively and is not interpreted as statistically supported.	False	False	no_nested_LH46_BH_FDR_support
progenitor_radial_glia	cognitive_reward_motivation	cognitive	0.0964285714285713	0.6744325567443256	0.9383409485138444	0.9563633800554372	1.0	1.0	0.0964285714285714	0.75002499750025	0.9817396638714506	0.9790372314119938	1.0	1.0	0.1072463768115941	0.6068393160683931	0.937114921601365	0.1072463768115942	0.6825317468253175	0.9658041288069776	0.084734693877551	0.0780612244897959	-0.0637755102040816	0.1912244897959183	0.1094530959661554	0.0275510204081632	0.160204081632653	4	0.8	False	mostly_direction_stable	True	False	False	False	False	False	False	False	True	0.0108178053830228	no_corrected_spatial_support	LH46_direction_concordant_not_nominal	no_corrected_spatial_support;LODO_4of5_direction;LH46_direction_concordant_not_nominal	False	20.0	Tier3B_descriptive	4	Tier 3B — descriptive spatial correspondence	no_statistical_support	positive	very_small	descriptive spatial correspondence without statistical support	matrix_or_descriptive_summary_only	False	False	-0.0637755102040816	0.1912244897959183	False	The progenitor radial glia–cognitive reward motivation correspondence is presented descriptively and is not interpreted as statistically supported.	False	False	no_nested_LH46_BH_FDR_support
progenitor_radial_glia	cognitive_sensorimotor	cognitive	0.0694897959183673	0.7446255374462554	0.9490300969903008	0.9608071450919424	1.0	1.0	0.0694897959183673	0.7843215678432157	0.9817396638714506	0.9790372314119938	1.0	1.0	0.0667900092506938	0.7322267773222678	0.937114921601365	0.0667900092506938	0.7672232776722328	0.9658041288069776	0.0553265306122448	0.0098979591836734	-0.0773469387755102	0.2033673469387754	0.1209831351556349	0.0098979591836734	0.1468367346938775	3	0.6	False	donor_sensitive	True	False	False	False	False	False	False	False	True	-0.0026997866676735	no_corrected_spatial_support	LH46_direction_concordant_not_nominal	no_corrected_spatial_support;LODO_3of5_direction;LH46_direction_concordant_not_nominal	False	20.0	Tier3B_descriptive	4	Tier 3B — descriptive spatial correspondence	no_statistical_support	positive	very_small	descriptive spatial correspondence without statistical support	matrix_or_descriptive_summary_only	False	False	-0.0773469387755102	0.2033673469387754	False	The progenitor radial glia–cognitive sensorimotor correspondence is presented descriptively and is not interpreted as statistically supported.	False	False	no_nested_LH46_BH_FDR_support
progenitor_radial_glia	cognitive_social_cognition	cognitive	0.1010204081632653	0.5097490250974902	0.8676579150595578	0.9563633800554372	1.0	1.0	0.1010204081632653	0.5800419958004199	0.9636683390484482	0.9790372314119938	1.0	1.0	0.0933086648165279	0.5560443955604439	0.9277472252774724	0.0933086648165279	0.6172382761723828	0.9658041288069776	0.1041632653061224	0.1148979591836734	0.0430612244897959	0.1331632653061224	0.0364802269104132	0.0430612244897959	0.0579591836734693	5	1.0	True	direction_and_effect_size_stable	True	False	False	False	False	False	False	False	True	-0.0077117433467373	no_corrected_spatial_support	LH46_direction_concordant_not_nominal	no_corrected_spatial_support;LODO_5of5_direction;LH46_direction_concordant_not_nominal	False	20.0	Tier3B_descriptive	4	Tier 3B — descriptive spatial correspondence	no_statistical_support	positive	very_small	descriptive spatial correspondence without statistical support	matrix_or_descriptive_summary_only	False	True	0.0430612244897959	0.1331632653061224	False	The progenitor radial glia–cognitive social cognition correspondence is presented descriptively and is not interpreted as statistically supported.	False	False	no_nested_LH46_BH_FDR_support
synaptic_assembly_receptor_trafficking	cognitive_attention	cognitive	0.0577551020408163	0.8518148185181482	0.9708618179277964	0.966125609661256	1.0	1.0	0.0577551020408162	0.8740125987401259	0.9817396638714506	0.9790372314119938	1.0	1.0	0.0739438791242676	0.8141185881411859	0.937114921601365	0.0739438791242676	0.8478152184781522	0.9658041288069776	0.0435714285714285	0.0087755102040816	-0.1355102040816326	0.175	0.1321559957222187	0.0043877551020408	0.1932653061224488	3	0.6	False	donor_sensitive	True	False	False	False	False	False	False	False	True	0.0161887770834513	no_corrected_spatial_support	LH46_direction_concordant_not_nominal	no_corrected_spatial_support;LODO_3of5_direction;LH46_direction_concordant_not_nominal	False	20.0	Tier3B_descriptive	4	Tier 3B — descriptive spatial correspondence	no_statistical_support	positive	very_small	descriptive spatial correspondence without statistical support	matrix_or_descriptive_summary_only	False	False	-0.1355102040816326	0.175	False	The synaptic assembly receptor trafficking–cognitive attention correspondence is presented descriptively and is not interpreted as statistically supported.	False	False	no_nested_LH46_BH_FDR_support
synaptic_assembly_receptor_trafficking	cognitive_emotion_affect	cognitive	0.1616326530612244	0.6017398260173983	0.9082865298375824	0.9563633800554372	1.0	1.0	0.1616326530612244	0.6807319268073193	0.9817396638714506	0.9790372314119938	1.0	1.0	0.1411655874190564	0.6675332466753324	0.937114921601365	0.1411655874190563	0.7317268273172682	0.9658041288069776	0.1639999999999999	0.1692857142857143	0.021938775510204	0.3611224489795918	0.1400158853366487	0.021938775510204	0.1994897959183673	5	1.0	True	direction_stable_moderate_effect_variation	True	False	False	False	False	False	False	False	True	-0.0204670656421679	no_corrected_spatial_support	LH46_direction_concordant_not_nominal	no_corrected_spatial_support;LODO_5of5_direction;LH46_direction_concordant_not_nominal	False	20.0	Tier3B_descriptive	4	Tier 3B — descriptive spatial correspondence	no_statistical_support	positive	very_small	descriptive spatial correspondence without statistical support	matrix_or_descriptive_summary_only	False	True	0.021938775510204	0.3611224489795918	False	The synaptic assembly receptor trafficking–cognitive emotion affect correspondence is presented descriptively and is not interpreted as statistically supported.	False	False	no_nested_LH46_BH_FDR_support
synaptic_assembly_receptor_trafficking	cognitive_executive_control	cognitive	-0.210204081632653	0.367963203679632	0.8664939957617142	0.9563633800554372	1.0	1.0	-0.210204081632653	0.4084591540845915	0.9636683390484482	0.9790372314119938	1.0	1.0	-0.2389762565525747	0.3256674332566743	0.893990600939906	-0.2389762565525747	0.3497650234976502	0.9658041288069776	-0.1593265306122449	-0.1363265306122449	-0.2797959183673469	-0.0349999999999999	0.1076675103950531	0.0349999999999999	0.175204081632653	5	1.0	True	direction_stable_moderate_effect_variation	True	False	False	False	False	False	False	False	True	-0.0287721749199217	no_corrected_spatial_support	LH46_direction_concordant_not_nominal	no_corrected_spatial_support;LODO_5of5_direction;LH46_direction_concordant_not_nominal	False	20.0	Tier3B_descriptive	4	Tier 3B — descriptive spatial correspondence	no_statistical_support	negative	small	descriptive spatial correspondence without statistical support	matrix_or_descriptive_summary_only	False	True	-0.2797959183673469	-0.0349999999999999	False	The synaptic assembly receptor trafficking–cognitive executive control correspondence is presented descriptively and is not interpreted as statistically supported.	False	False	no_nested_LH46_BH_FDR_support
synaptic_assembly_receptor_trafficking	cognitive_language	cognitive	0.0803061224489795	0.7982201779822018	0.9708618179277964	0.966125609661256	1.0	1.0	0.0803061224489795	0.8347165283471653	0.9817396638714506	0.9790372314119938	1.0	1.0	0.1329016342892383	0.6716328367163283	0.937114921601365	0.1329016342892383	0.7211278872112789	0.9658041288069776	0.0773265306122448	0.0863265306122448	-0.058469387755102	0.1703061224489795	0.089928398330685	0.0462244897959183	0.1387755102040815	4	0.8	False	mostly_direction_stable	True	False	False	False	False	False	False	False	True	0.0525955118402587	no_corrected_spatial_support	LH46_direction_concordant_not_nominal	no_corrected_spatial_support;LODO_4of5_direction;LH46_direction_concordant_not_nominal	False	20.0	Tier3B_descriptive	4	Tier 3B — descriptive spatial correspondence	no_statistical_support	positive	very_small	descriptive spatial correspondence without statistical support	matrix_or_descriptive_summary_only	False	False	-0.058469387755102	0.1703061224489795	False	The synaptic assembly receptor trafficking–cognitive language correspondence is presented descriptively and is not interpreted as statistically supported.	False	False	no_nested_LH46_BH_FDR_support
synaptic_assembly_receptor_trafficking	cognitive_memory	cognitive	0.1279591836734693	0.5781421857814218	0.8894495165868028	0.9563633800554372	1.0	1.0	0.1279591836734693	0.6555344465553444	0.9817396638714506	0.9790372314119938	1.0	1.0	0.1382053654024051	0.5628437156284372	0.9277472252774724	0.1382053654024052	0.6457354264573543	0.9658041288069776	0.1341224489795918	0.1201020408163265	0.0926530612244897	0.2274489795918367	0.0550583538078614	0.0926530612244897	0.0994897959183674	5	1.0	True	direction_and_effect_size_stable	True	False	False	False	False	False	False	False	True	0.0102461817289357	no_corrected_spatial_support	LH46_direction_concordant_not_nominal	no_corrected_spatial_support;LODO_5of5_direction;LH46_direction_concordant_not_nominal	False	20.0	Tier3B_descriptive	4	Tier 3B — descriptive spatial correspondence	no_statistical_support	positive	very_small	descriptive spatial correspondence without statistical support	matrix_or_descriptive_summary_only	False	True	0.0926530612244897	0.2274489795918367	False	The synaptic assembly receptor trafficking–cognitive memory correspondence is presented descriptively and is not interpreted as statistically supported.	False	False	no_nested_LH46_BH_FDR_support
synaptic_assembly_receptor_trafficking	cognitive_reward_motivation	cognitive	0.0270408163265305	0.9356064393560644	0.9895010498950104	0.9844078883250916	1.0	1.0	0.0270408163265305	0.9536046395360464	0.9917008299170084	0.989571928883061	1.0	1.0	0.0095590502621029	0.97990200979902	0.9986262520244792	0.0095590502621029	0.9836016398360165	0.999900009999	0.0482857142857142	0.0540816326530612	-0.0579591836734693	0.2044897959183673	0.1010292564667486	0.021734693877551	0.1774489795918368	3	0.6	False	donor_sensitive	True	False	False	False	False	False	False	False	True	-0.0174817660644275	no_corrected_spatial_support	LH46_direction_concordant_not_nominal	no_corrected_spatial_support;LODO_3of5_direction;LH46_direction_concordant_not_nominal	False	20.0	Tier3B_descriptive	4	Tier 3B — descriptive spatial correspondence	no_statistical_support	positive	very_small	descriptive spatial correspondence without statistical support	matrix_or_descriptive_summary_only	False	False	-0.0579591836734693	0.2044897959183673	False	The synaptic assembly receptor trafficking–cognitive reward motivation correspondence is presented descriptively and is not interpreted as statistically supported.	False	False	no_nested_LH46_BH_FDR_support
synaptic_assembly_receptor_trafficking	cognitive_sensorimotor	cognitive	-0.2726530612244898	0.3222677732226777	0.8664939957617142	0.9563633800554372	1.0	0.9997000299970004	-0.2726530612244897	0.4405559444055594	0.9636683390484482	0.9790372314119938	1.0	1.0	-0.2632747456059204	0.3616638336166383	0.893990600939906	-0.2632747456059203	0.4828517148285171	0.9658041288069776	-0.2660408163265306	-0.2261224489795918	-0.405204081632653	-0.1897959183673469	0.0909655217968238	0.1897959183673469	0.1325510204081633	5	1.0	True	direction_stable_moderate_effect_variation	True	False	False	False	False	False	False	False	True	0.0093783156185693	no_corrected_spatial_support	LH46_direction_concordant_not_nominal	no_corrected_spatial_support;LODO_5of5_direction;LH46_direction_concordant_not_nominal	False	20.0	Tier3B_descriptive	4	Tier 3B — descriptive spatial correspondence	no_statistical_support	negative	small	descriptive spatial correspondence without statistical support	matrix_or_descriptive_summary_only	False	True	-0.405204081632653	-0.1897959183673469	False	The synaptic assembly receptor trafficking–cognitive sensorimotor correspondence is presented descriptively and is not interpreted as statistically supported.	False	False	no_nested_LH46_BH_FDR_support
synaptic_assembly_receptor_trafficking	cognitive_social_cognition	cognitive	0.1342857142857142	0.3454654534546545	0.8664939957617142	0.9563633800554372	1.0	1.0	0.1342857142857142	0.3765623437656234	0.9636683390484482	0.9790372314119938	1.0	1.0	0.1613937711995066	0.2740725927407259	0.893990600939906	0.1613937711995066	0.2983701629837016	0.9658041288069776	0.1273061224489796	0.0620408163265306	0.0532653061224489	0.3213265306122448	0.114769534383	0.0532653061224489	0.1870408163265306	5	1.0	True	direction_stable_moderate_effect_variation	True	False	False	False	False	False	False	False	True	0.0271080569137923	no_corrected_spatial_support	LH46_direction_concordant_not_nominal	no_corrected_spatial_support;LODO_5of5_direction;LH46_direction_concordant_not_nominal	False	20.0	Tier3B_descriptive	4	Tier 3B — descriptive spatial correspondence	no_statistical_support	positive	very_small	descriptive spatial correspondence without statistical support	matrix_or_descriptive_summary_only	False	True	0.0532653061224489	0.3213265306122448	False	The synaptic assembly receptor trafficking–cognitive social cognition correspondence is presented descriptively and is not interpreted as statistically supported.	False	False	no_nested_LH46_BH_FDR_support
synaptic_membrane_structural_candidates	cognitive_attention	cognitive	0.0603061224489795	0.6995300469953005	0.9409140386774332	0.9563633800554372	1.0	1.0	0.0603061224489795	0.7155284471552845	0.9817396638714506	0.9790372314119938	1.0	1.0	0.0654332408263952	0.6782321767823217	0.937114921601365	0.0654332408263952	0.6990300969903009	0.9658041288069776	0.0519591836734693	-0.0259183673469387	-0.1289795918367346	0.2693877551020407	0.1697765301185415	0.0259183673469387	0.2090816326530612	2	0.4	False	donor_sensitive	True	False	False	False	False	False	False	False	True	0.0051271183774157	no_corrected_spatial_support	LH46_direction_concordant_not_nominal	no_corrected_spatial_support;LODO_2of5_direction;LH46_direction_concordant_not_nominal	False	20.0	Tier3B_descriptive	4	Tier 3B — descriptive spatial correspondence	no_statistical_support	positive	very_small	descriptive spatial correspondence without statistical support	matrix_or_descriptive_summary_only	False	False	-0.1289795918367346	0.2693877551020407	False	The synaptic membrane structural candidates–cognitive attention correspondence is presented descriptively and is not interpreted as statistically supported.	False	False	no_nested_LH46_BH_FDR_support
synaptic_membrane_structural_candidates	cognitive_emotion_affect	cognitive	0.1939795918367347	0.2056794320567943	0.7657416076574161	0.8391160883911609	1.0	1.0	0.1939795918367347	0.2206779322067793	0.9636683390484482	0.9790372314119938	1.0	1.0	0.1929694727104532	0.2256774322567743	0.8397299804903231	0.1929694727104532	0.2366763323667633	0.9658041288069776	0.1618163265306122	0.186734693877551	0.0388775510204081	0.3047959183673469	0.1173292666373682	0.0388775510204081	0.1551020408163265	5	1.0	True	direction_stable_moderate_effect_variation	True	False	False	False	False	False	False	False	True	-0.0010101191262814	no_corrected_spatial_support	LH46_direction_concordant_not_nominal	no_corrected_spatial_support;LODO_5of5_direction;LH46_direction_concordant_not_nominal	False	20.0	Tier3B_descriptive	4	Tier 3B — descriptive spatial correspondence	no_statistical_support	positive	very_small	descriptive spatial correspondence without statistical support	matrix_or_descriptive_summary_only	False	True	0.0388775510204081	0.3047959183673469	False	The synaptic membrane structural candidates–cognitive emotion affect correspondence is presented descriptively and is not interpreted as statistically supported.	False	False	no_nested_LH46_BH_FDR_support
synaptic_membrane_structural_candidates	cognitive_executive_control	cognitive	0.0358163265306123	0.8143185681431857	0.9708618179277964	0.966125609661256	1.0	1.0	0.0358163265306122	0.811018898110189	0.9817396638714506	0.9790372314119938	1.0	1.0	0.0374344742522355	0.809019098090191	0.937114921601365	0.0374344742522356	0.8044195580441956	0.9658041288069776	0.0451020408163265	0.101734693877551	-0.1460204081632652	0.2422448979591836	0.1618702998108351	0.0963265306122448	0.2064285714285714	3	0.6	False	donor_sensitive	True	False	False	False	False	False	False	False	True	0.0016181477216231	no_corrected_spatial_support	LH46_direction_concordant_not_nominal	no_corrected_spatial_support;LODO_3of5_direction;LH46_direction_concordant_not_nominal	False	20.0	Tier3B_descriptive	4	Tier 3B — descriptive spatial correspondence	no_statistical_support	positive	very_small	descriptive spatial correspondence without statistical support	matrix_or_descriptive_summary_only	False	False	-0.1460204081632652	0.2422448979591836	False	The synaptic membrane structural candidates–cognitive executive control correspondence is presented descriptively and is not interpreted as statistically supported.	False	False	no_nested_LH46_BH_FDR_support
synaptic_membrane_structural_candidates	cognitive_language	cognitive	0.0544897959183673	0.7233276672332767	0.9409140386774332	0.9563633800554372	1.0	1.0	0.0544897959183673	0.7251274872512748	0.9817396638714506	0.9790372314119938	1.0	1.0	0.1320382362010483	0.4028597140285971	0.893990600939906	0.1320382362010483	0.4200579942005799	0.9658041288069776	0.0733673469387755	0.0270408163265306	-0.0593877551020408	0.2501020408163265	0.1257090054881033	0.0035714285714285	0.1956122448979592	3	0.6	False	donor_sensitive	True	False	False	False	False	False	False	False	True	0.0775484402826809	no_corrected_spatial_support	LH46_direction_concordant_not_nominal	no_corrected_spatial_support;LODO_3of5_direction;LH46_direction_concordant_not_nominal	False	20.0	Tier3B_descriptive	4	Tier 3B — descriptive spatial correspondence	no_statistical_support	positive	very_small	descriptive spatial correspondence without statistical support	matrix_or_descriptive_summary_only	False	False	-0.0593877551020408	0.2501020408163265	False	The synaptic membrane structural candidates–cognitive language correspondence is presented descriptively and is not interpreted as statistically supported.	False	False	no_nested_LH46_BH_FDR_support
synaptic_membrane_structural_candidates	cognitive_memory	cognitive	-0.0282653061224489	0.8520147985201479	0.9708618179277964	0.966125609661256	1.0	1.0	-0.0282653061224489	0.8553144685531446	0.9817396638714506	0.9790372314119938	1.0	1.0	-0.0147394387912426	0.9253074692530748	0.980458245566172	-0.0147394387912426	0.9264073592640736	0.9816236919354422	-0.0162244897959183	-0.0170408163265306	-0.0940816326530612	0.0331632653061224	0.0527975690598115	0.0170408163265306	0.0658163265306123	3	0.6	False	donor_sensitive	True	False	False	False	False	False	False	False	True	0.0135258673312062	no_corrected_spatial_support	LH46_direction_concordant_not_nominal	no_corrected_spatial_support;LODO_3of5_direction;LH46_direction_concordant_not_nominal	False	20.0	Tier3B_descriptive	4	Tier 3B — descriptive spatial correspondence	no_statistical_support	negative	very_small	descriptive spatial correspondence without statistical support	matrix_or_descriptive_summary_only	False	False	-0.0940816326530612	0.0331632653061224	False	The synaptic membrane structural candidates–cognitive memory correspondence is presented descriptively and is not interpreted as statistically supported.	False	False	no_nested_LH46_BH_FDR_support
synaptic_membrane_structural_candidates	cognitive_reward_motivation	cognitive	0.0264285714285714	0.8652134786521348	0.9708618179277964	0.966125609661256	1.0	1.0	0.0264285714285714	0.8839116088391161	0.9817396638714506	0.9790372314119938	1.0	1.0	0.0429848905334566	0.7881211878812119	0.937114921601365	0.0429848905334566	0.8167183281671833	0.9658041288069776	0.0203061224489795	0.0012244897959183	-0.0889795918367346	0.1791836734693877	0.1153478793814646	0.0012244897959183	0.1527551020408163	3	0.6	False	donor_sensitive	True	False	False	False	False	False	False	False	True	0.0165563191048852	no_corrected_spatial_support	LH46_direction_concordant_not_nominal	no_corrected_spatial_support;LODO_3of5_direction;LH46_direction_concordant_not_nominal	False	20.0	Tier3B_descriptive	4	Tier 3B — descriptive spatial correspondence	no_statistical_support	positive	very_small	descriptive spatial correspondence without statistical support	matrix_or_descriptive_summary_only	False	False	-0.0889795918367346	0.1791836734693877	False	The synaptic membrane structural candidates–cognitive reward motivation correspondence is presented descriptively and is not interpreted as statistically supported.	False	False	no_nested_LH46_BH_FDR_support
synaptic_membrane_structural_candidates	cognitive_sensorimotor	cognitive	-0.0870408163265305	0.5755424457554245	0.8894495165868028	0.9563633800554372	1.0	1.0	-0.0870408163265306	0.5972402759724028	0.9636683390484482	0.9790372314119938	1.0	1.0	-0.0977489978415047	0.5415458454154585	0.9277472252774724	-0.0977489978415047	0.5661433856614339	0.9658041288069776	-0.0863469387755101	-0.0965306122448979	-0.1766326530612244	0.0282653061224489	0.0773994020018074	0.0282653061224489	0.1153061224489795	4	0.8	False	mostly_direction_stable	True	False	False	False	False	False	False	False	True	-0.0107081815149742	no_corrected_spatial_support	LH46_direction_concordant_not_nominal	no_corrected_spatial_support;LODO_4of5_direction;LH46_direction_concordant_not_nominal	False	20.0	Tier3B_descriptive	4	Tier 3B — descriptive spatial correspondence	no_statistical_support	negative	very_small	descriptive spatial correspondence without statistical support	matrix_or_descriptive_summary_only	False	False	-0.1766326530612244	0.0282653061224489	False	The synaptic membrane structural candidates–cognitive sensorimotor correspondence is presented descriptively and is not interpreted as statistically supported.	False	False	no_nested_LH46_BH_FDR_support
synaptic_membrane_structural_candidates	cognitive_social_cognition	cognitive	0.0680612244897959	0.6448355164483551	0.9383409485138444	0.9563633800554372	1.0	1.0	0.0680612244897959	0.6645335466453355	0.9817396638714506	0.9790372314119938	1.0	1.0	0.1074930619796484	0.4850514948505149	0.91804773011071	0.1074930619796484	0.5045495450454954	0.9658041288069776	0.0463673469387755	0.0526530612244897	-0.0360204081632653	0.1788775510204081	0.0876573553864863	0.0306122448979591	0.1108163265306122	3	0.6	False	donor_sensitive	True	False	False	False	False	False	False	False	True	0.0394318374898525	no_corrected_spatial_support	LH46_direction_concordant_not_nominal	no_corrected_spatial_support;LODO_3of5_direction;LH46_direction_concordant_not_nominal	False	20.0	Tier3B_descriptive	4	Tier 3B — descriptive spatial correspondence	no_statistical_support	positive	very_small	descriptive spatial correspondence without statistical support	matrix_or_descriptive_summary_only	False	False	-0.0360204081632653	0.1788775510204081	False	The synaptic membrane structural candidates–cognitive social cognition correspondence is presented descriptively and is not interpreted as statistically supported.	False	False	no_nested_LH46_BH_FDR_support
